,date,B1_mean,B2_mean,B3_mean,B4_mean,B5_mean,B6_mean,B7_mean,B8_mean,B9_mean,B10_mean,B11_mean,B12_mean
0,2018-01-04T00:00:00.000Z,773.4117647058823,1257.8319327731092,2158.655462184874,3562.4957983193276,3988.516806722689,4212.571428571428,4436.079831932773,4780.53781512605,4656.4789915966385,5951.848739495798,5146.33193277311,5.0
1,2018-01-09T00:00:00.000Z,880.7731092436975,1172.7731092436975,2048.5378151260506,3370.546218487395,3799.1638655462184,3997.6428571428573,4192.726890756303,4480.571428571428,4421.970588235294,5724.268907563025,4773.743697478992,5.0
2,2018-01-14T00:00:00.000Z,841.1848739495798,1286.8991596638655,2115.7731092436975,3415.1008403361343,3799.6932773109243,4008.7436974789916,4215.466386554622,4551.966386554622,4415.542016806723,5658.319327731092,4904.357142857143,5.0
3,2018-01-19T00:00:00.000Z,,,,,,,,,,,,
4,2018-01-24T00:00:00.000Z,1056.1134453781513,1545.8403361344538,2349.5546218487393,3638.764705882353,4024.5252100840335,4221.735294117647,4437.273109243697,4791.27731092437,4642.609243697479,5923.126050420168,5163.197478991597,5.042016806722689
5,2018-01-29T00:00:00.000Z,1351.2226890756303,1572.0840336134454,2223.4873949579833,3239.8655462184875,3622.7394957983192,3763.5126050420167,3938.2100840336134,4109.731092436975,4165.6134453781515,5424.138655462185,4605.298319327731,5.0
6,2018-02-08T00:00:00.000Z,935.7142857142857,1236.126050420168,2119.285714285714,3505.6890756302523,3911.1806722689075,4081.4201680672268,4268.747899159664,4561.058823529412,4488.718487394958,5913.231092436975,5002.210084033613,5.0
7,2018-02-13T00:00:00.000Z,837.2142857142857,1274.2268907563025,2119.5714285714284,3466.781512605042,3890.575630252101,4017.9453781512607,4254.03781512605,4409.865546218487,4434.66806722689,5936.672268907563,5258.268907563025,5.0
8,2018-02-18T00:00:00.000Z,1128.8157894736842,1438.2105263157894,2260.5263157894738,3550.5263157894738,3963.1052631578946,4119.236842105263,4297.131578947368,4533.684210526316,4512.868421052632,5934.9473684210525,5014.4473684210525,5.0
9,2018-02-23T00:00:00.000Z,823.9663865546219,1180.5210084033613,1931.6050420168067,3180.36974789916,3639.8529411764707,3710.655462184874,3999.0882352941176,3914.90756302521,4198.8403361344535,5807.495798319328,5162.768907563025,5.0
10,2018-02-28T00:00:00.000Z,922.59243697479,1215.3697478991596,2089.5378151260506,3454.5042016806724,3929.176470588235,4035.3949579831933,4208.705882352941,4270.436974789916,4431.9327731092435,5889.584033613445,5057.373949579832,5.0
11,2018-03-05T00:00:00.000Z,910.2731092436975,1292.3445378151262,2162.2100840336134,3579.5966386554624,4025.731092436975,4143.609243697479,4375.5,4492.235294117647,4529.14705882353,6083.327731092437,5452.823529411765,5.0
12,2018-03-10T00:00:00.000Z,996.2226890756302,1349.2268907563025,2255.075630252101,3708.0336134453783,4153.55462184874,4302.894957983193,4487.773109243697,4725.865546218487,4692.59243697479,6163.424369747899,5316.626050420168,5.0
13,2018-03-15T00:00:00.000Z,912.2310924369748,1343.0588235294117,2223.8571428571427,3684.176470588235,4057.344537815126,4229.941176470588,4435.218487394958,4758.319327731092,4615.899159663865,6125.35294117647,5476.928571428572,5.0
14,2018-03-20T00:00:00.000Z,996.8613445378152,1329.0420168067226,2218.3109243697477,3634.5546218487393,4084.638655462185,4220.193277310925,4392.890756302521,4576.857142857143,4598.084033613445,6077.605042016807,5249.0,5.0
15,2018-03-25T00:00:00.000Z,1097.6638655462184,1459.579831932773,2206.747899159664,3456.8067226890757,3833.72268907563,3982.4117647058824,4203.22268907563,4398.016806722689,4375.621848739495,5936.323529411765,5265.155462184874,5.0
16,2018-04-04T00:00:00.000Z,1137.546218487395,1465.218487394958,2231.924369747899,3523.453781512605,3894.3823529411766,4037.8025210084033,4258.6596638655465,4454.857142857143,4417.470588235294,5966.378151260505,5349.550420168067,5.0
17,2018-04-09T00:00:00.000Z,1295.0,1561.0168067226891,2314.831932773109,3512.924369747899,3938.378151260504,4045.9327731092435,4218.348739495798,4314.655462184874,4422.575630252101,5915.9327731092435,5077.848739495798,5.0
18,2018-04-19T00:00:00.000Z,1064.0672268907563,1326.3529411764705,2204.9495798319326,3637.36974789916,4072.9789915966385,4211.466386554622,4391.77731092437,4558.73949579832,4589.5,6144.941176470588,5336.26050420168,5.0
19,2018-04-24T00:00:00.000Z,988.781512605042,1374.81512605042,2214.2268907563025,3581.6470588235293,4024.861344537815,4113.983193277311,4351.084033613445,4408.672268907563,4503.109243697479,6125.163865546218,5527.306722689075,5.0
20,2018-04-29T00:00:00.000Z,1116.90756302521,1384.1680672268908,2300.218487394958,3717.705882352941,4192.991596638655,4283.306722689075,4447.571428571428,4489.294117647059,4632.35294117647,6180.390756302521,5465.516806722689,5.0
21,2018-05-04T00:00:00.000Z,1195.3319327731092,1521.9159663865546,2402.81512605042,3818.159663865546,4270.987394957983,4336.294117647059,4600.411764705882,4516.571428571428,4743.306722689075,6297.403361344538,5727.100840336135,5.0
22,2018-05-14T00:00:00.000Z,1071.0378151260504,1245.1512605042017,1891.781512605042,2878.2268907563025,3198.8067226890757,3246.029411764706,3486.13025210084,3284.327731092437,3584.1512605042017,4625.596638655462,3974.831932773109,5.0
23,2018-05-19T00:00:00.000Z,1148.1176470588234,1453.7058823529412,2369.4873949579833,3780.5546218487393,4277.247899159664,4348.470588235294,4507.794117647059,4458.53781512605,4678.214285714285,6280.638655462185,5537.516806722689,5.0
24,2018-05-29T00:00:00.000Z,1541.8067226890757,1913.109243697479,2864.218487394958,3919.5378151260506,4320.243697478992,4368.731092436975,4521.09243697479,4424.218487394958,4681.373949579832,5777.46218487395,4800.529411764706,5.0
25,2018-06-08T00:00:00.000Z,1084.6344537815125,1293.8823529411766,2116.361344537815,3406.831932773109,3874.1512605042017,3943.323529411765,4098.6596638655465,3988.7394957983192,4272.415966386555,6012.6134453781515,5324.693277310925,5.0
26,2018-06-13T00:00:00.000Z,1057.8529411764705,1388.7226890756303,2348.3529411764707,3948.6050420168067,4461.319327731092,4497.3403361344535,4765.046218487395,4565.6134453781515,4841.83193277311,6636.701680672269,6216.1596638655465,5.0
27,2018-06-18T00:00:00.000Z,1288.4579831932774,1560.5966386554621,2481.705882352941,3815.7731092436975,4280.058823529412,4342.365546218487,4497.105042016807,4344.957983193277,4663.911764705882,6232.865546218487,5449.428571428572,5.0
28,2018-07-13T00:00:00.000Z,1159.40756302521,1474.5882352941176,2395.5798319327732,3816.361344537815,4299.529411764706,4396.4747899159665,4665.861344537815,4447.512605042017,4742.05462184874,6278.302521008403,5815.693277310925,5.0
29,2018-07-18T00:00:00.000Z,4184.6760563380285,4241.267605633803,4903.718309859155,5897.7464788732395,6522.295774647887,6561.352112676056,6708.56338028169,6366.2535211267605,6853.619718309859,7248.704225352113,5928.098591549296,7.0
30,2018-07-23T00:00:00.000Z,1036.0336134453783,1359.672268907563,2331.4621848739494,3877.9495798319326,4503.411764705882,4675.5,4970.680672268908,4634.100840336135,4996.336134453782,6696.718487394958,6199.609243697479,5.0
31,2018-07-28T00:00:00.000Z,1130.3529411764705,1360.8991596638655,2326.823529411765,3660.0336134453783,4304.31512605042,4690.882352941177,4901.894957983193,4637.949579831933,5050.731092436975,6363.31512605042,5502.819327731092,5.0
32,2018-08-02T00:00:00.000Z,1069.079831932773,1386.2605042016808,2218.2436974789916,3323.8655462184875,3903.331932773109,4394.689075630252,4780.247899159664,4449.109243697479,4852.31512605042,5916.36974789916,5217.76050420168,5.0
33,2018-08-07T00:00:00.000Z,,,,,,,,,,,,
34,2018-08-22T00:00:00.000Z,861.8949579831933,1144.857142857143,1969.6638655462184,2922.8571428571427,3639.340336134454,4581.247899159664,5067.642857142857,4799.344537815126,5154.731092436975,5459.752100840336,4412.680672268908,4.983193277310924
35,2018-08-27T00:00:00.000Z,,,,,,,,,,,,
36,2018-09-11T00:00:00.000Z,1597.2268907563025,1843.9663865546217,2444.09243697479,3016.4285714285716,3641.516806722689,4338.420168067227,4727.079831932773,4567.0,4816.768907563025,5027.68487394958,3917.1134453781515,5.285714285714286
37,2018-09-16T00:00:00.000Z,922.1722689075631,1143.9579831932774,1985.2268907563025,2914.798319327731,3664.4495798319326,4394.617647058823,4670.5252100840335,4499.411764705882,4910.827731092437,5607.172268907563,4556.83193277311,4.9789915966386555
38,2018-09-21T00:00:00.000Z,857.0504201680673,1161.672268907563,1946.3949579831933,2882.252100840336,3569.9285714285716,4229.802521008403,4624.205882352941,4437.495798319328,4789.584033613445,5568.285714285715,4754.487394957983,5.0
39,2018-09-26T00:00:00.000Z,1081.09243697479,1261.8193277310925,1980.7563025210084,2811.747899159664,3494.9957983193276,4150.83193277311,4418.516806722689,4312.72268907563,4652.9327731092435,5328.453781512605,4320.798319327731,5.0
40,2018-10-01T00:00:00.000Z,836.9117647058823,1197.2016806722688,1991.436974789916,2978.327731092437,3674.2436974789916,4281.701680672269,4671.6134453781515,4520.53781512605,4859.558823529412,5665.638655462185,4816.302521008403,5.0
41,2018-10-06T00:00:00.000Z,838.655462184874,1059.2605042016808,1849.453781512605,2814.8991596638657,3525.0,4072.075630252101,4297.638655462185,4162.9747899159665,4554.378151260505,5466.361344537815,4476.861344537815,5.0
42,2018-10-16T00:00:00.000Z,764.8361344537815,1056.235294117647,1869.7394957983192,2902.5042016806724,3583.705882352941,4111.747899159664,4340.827731092437,4261.806722689075,4581.512605042017,5564.747899159664,4590.663865546218,5.0
43,2018-10-26T00:00:00.000Z,760.9117647058823,1057.2689075630253,1857.890756302521,2949.1176470588234,3612.5504201680674,3964.609243697479,4168.378151260505,4080.5126050420167,4430.382352941177,5572.470588235294,4536.516806722689,5.0
44,2018-10-31T00:00:00.000Z,783.5084033613446,1138.9243697478992,1928.5714285714287,3100.285714285714,3675.075630252101,4016.831932773109,4298.176470588235,4353.90756302521,4478.8865546218485,5696.029411764706,4851.626050420168,5.0
45,2018-11-05T00:00:00.000Z,845.1578947368421,1110.6315789473683,1859.3684210526317,2966.9473684210525,3488.684210526316,3778.2105263157896,3974.4210526315787,4090.9473684210525,4166.526315789473,5159.421052631579,4217.736842105263,5.0
46,2018-11-10T00:00:00.000Z,764.4705882352941,1122.264705882353,1874.546218487395,3030.563025210084,3524.5546218487393,3826.7268907563025,4067.6050420168067,4267.504201680672,4258.205882352941,5425.575630252101,4616.193277310925,5.0
47,2018-11-15T00:00:00.000Z,881.2521008403361,1177.5,2057.6134453781515,3390.5042016806724,3937.659663865546,4266.14705882353,4482.247899159664,4723.252100840336,4716.420168067227,5858.289915966387,4770.90756302521,5.0
48,2018-11-20T00:00:00.000Z,822.3781512605042,1176.1764705882354,1942.0168067226891,3182.2436974789916,3686.2605042016808,3946.1344537815125,4213.8403361344535,4380.756302521008,4433.428571428572,5792.0210084033615,4938.424369747899,5.0
49,2018-11-25T00:00:00.000Z,986.9411764705883,1246.9831932773109,2039.672268907563,3274.4957983193276,3771.8025210084033,4025.0882352941176,4230.436974789916,4471.966386554622,4460.016806722689,5724.911764705882,4672.382352941177,5.0
50,2018-11-30T00:00:00.000Z,738.5336134453781,1152.4873949579833,2001.2521008403362,3333.201680672269,3770.075630252101,4042.470588235294,4268.819327731092,4597.428571428572,4470.491596638655,5756.14705882353,4882.747899159664,5.0
51,2018-12-05T00:00:00.000Z,729.0,1030.1008403361345,1865.126050420168,3142.084033613445,3631.861344537815,3867.3949579831933,4063.1512605042017,4244.64705882353,4307.970588235294,5692.197478991597,4695.012605042017,5.0
52,2018-12-10T00:00:00.000Z,686.7647058823529,1109.5504201680671,1977.7478991596638,3342.201680672269,3777.6512605042017,4020.9117647058824,4239.596638655462,4548.9327731092435,4434.079831932773,5753.794117647059,4917.294117647059,5.0
53,2018-12-15T00:00:00.000Z,697.4033613445379,1022.609243697479,1856.5294117647059,3155.0336134453783,3639.747899159664,3862.8655462184875,4064.575630252101,4260.533613445378,4324.638655462185,5779.605042016807,4797.651260504202,5.0
54,2018-12-20T00:00:00.000Z,882.5378151260504,1280.218487394958,2033.6470588235295,3257.453781512605,3680.5042016806724,3888.72268907563,4134.642857142857,4315.588235294118,4341.9747899159665,5635.281512605042,4831.915966386555,5.0
55,2018-12-25T00:00:00.000Z,1216.3487394957983,1484.5378151260504,2279.9495798319326,3510.72268907563,3959.5336134453783,4164.873949579832,4350.991596638655,4623.983193277311,4567.201680672269,5814.4747899159665,4777.575630252101,5.0
56,2019-01-04T00:00:00.000Z,1028.5252100840337,1304.4873949579833,2143.5966386554624,3447.109243697479,3888.7563025210084,4104.268907563025,4294.042016806723,4580.991596638655,4519.5210084033615,5837.806722689075,4830.77731092437,5.0
57,2019-01-09T00:00:00.000Z,840.3151260504202,1257.436974789916,2134.915966386555,3529.0084033613443,3964.9453781512607,4163.491596638655,4401.3403361344535,4620.655462184874,4585.676470588235,5975.285714285715,5164.0,5.0
58,2019-01-14T00:00:00.000Z,920.6764705882352,1222.09243697479,2103.436974789916,3453.705882352941,3902.2394957983192,4098.180672268908,4283.058823529412,4518.588235294118,4507.268907563025,5853.40756302521,4865.306722689075,5.0
59,2019-01-24T00:00:00.000Z,801.9579831932773,1120.9411764705883,1998.4285714285713,3380.823529411765,3824.6176470588234,4012.5378151260506,4211.428571428572,4438.605042016807,4442.550420168067,5929.4747899159665,4962.05462184874,5.0
60,2019-01-29T00:00:00.000Z,821.4033613445379,1247.0168067226891,2145.7731092436975,3595.5126050420167,4005.936974789916,4189.726890756303,4417.302521008403,4681.289915966387,4614.66806722689,6093.394957983193,5269.403361344538,5.0
61,2019-02-03T00:00:00.000Z,836.5588235294117,1131.890756302521,1921.5210084033613,3212.5882352941176,3641.0252100840335,3813.3529411764707,4013.9453781512607,4236.991596638655,4263.373949579832,5812.9327731092435,4887.81512605042,5.0
62,2019-02-08T00:00:00.000Z,892.953781512605,1303.3025210084033,2200.0672268907565,3652.4201680672268,4046.8949579831933,4227.327731092437,4449.5672268907565,4723.865546218487,4644.3865546218485,6117.584033613445,5305.323529411765,5.0
63,2019-02-13T00:00:00.000Z,1046.8529411764705,1354.0336134453783,2264.285714285714,3692.8487394957983,4141.966386554622,4298.226890756303,4485.05462184874,4716.302521008403,4698.508403361345,6135.584033613445,5144.348739495798,5.0
64,2019-02-18T00:00:00.000Z,1297.2563025210084,1634.3949579831933,2377.705882352941,3634.638655462185,4024.4789915966385,4172.819327731092,4396.079831932773,4606.3865546218485,4575.689075630252,6049.5,5278.0210084033615,5.0
65,2019-02-28T00:00:00.000Z,906.7142857142857,1336.142857142857,2176.235294117647,3562.285714285714,3993.5084033613443,4140.126050420168,4377.344537815126,4522.55462184874,4550.218487394958,6138.491596638655,5380.0672268907565,5.0
66,2019-03-05T00:00:00.000Z,1192.8697478991596,1475.9663865546217,2313.7899159663866,3688.72268907563,4146.752100840336,4302.5252100840335,4486.012605042017,4661.512605042017,4710.411764705882,6175.121848739495,5189.949579831933,5.0
67,2019-03-15T00:00:00.000Z,1354.579831932773,1637.5966386554621,2385.159663865546,3577.5798319327732,4027.1890756302523,4138.9327731092435,4308.752100840336,4402.941176470588,4519.836134453782,6009.172268907563,5083.90756302521,5.0
68,2019-03-20T00:00:00.000Z,1506.7226890756303,1854.638655462185,2480.1344537815125,3538.9327731092435,3938.655462184874,4025.90756302521,4266.285714285715,4319.579831932773,4426.878151260505,5994.441176470588,5291.176470588235,5.0
69,2019-03-30T00:00:00.000Z,1059.7058823529412,1439.3697478991596,2316.1176470588234,3805.4579831932774,4246.126050420168,4383.966386554622,4621.752100840336,4773.512605042017,4784.281512605042,6354.785714285715,5645.605042016807,5.0
70,2019-04-04T00:00:00.000Z,1144.2941176470588,1413.5042016806722,2275.1176470588234,3693.285714285714,4196.9747899159665,4300.382352941177,4486.323529411765,4521.63025210084,4688.714285714285,6232.819327731092,5314.205882352941,5.0
71,2019-04-09T00:00:00.000Z,1032.0840336134454,1453.5042016806722,2324.8571428571427,3788.126050420168,4250.672268907563,4361.697478991597,4614.928571428572,4682.957983193277,4767.176470588235,6370.378151260505,5672.920168067227,5.0
72,2019-05-09T00:00:00.000Z,1107.390756302521,1449.546218487395,2348.159663865546,3860.72268907563,4338.483193277311,4427.03781512605,4704.44537815126,4658.72268907563,4846.77731092437,6445.966386554622,5831.05462184874,5.0
73,2019-05-14T00:00:00.000Z,1191.546218487395,1452.0588235294117,2399.890756302521,3887.3865546218485,4420.747899159664,4478.773109243697,4650.710084033613,4497.075630252101,4863.457983193277,6510.508403361345,5705.03781512605,5.0
74,2019-05-19T00:00:00.000Z,1079.1932773109243,1412.3529411764705,2337.159663865546,3867.983193277311,4373.084033613445,4395.31512605042,4684.18487394958,4494.655462184874,4815.86974789916,6494.016806722689,5929.23949579832,5.0
75,2019-05-24T00:00:00.000Z,,,,,,,,,,,,
76,2019-05-29T00:00:00.000Z,1253.7394957983192,1584.9747899159663,2454.873949579832,3857.235294117647,4302.508403361345,4342.1596638655465,4653.53781512605,4454.72268907563,4778.638655462185,6225.857142857143,5587.155462184874,5.0
77,2019-06-03T00:00:00.000Z,1053.5966386554621,1303.3529411764705,2289.2605042016808,3920.8655462184875,4491.848739495798,4550.210084033613,4711.197478991597,4511.6134453781515,4940.924369747899,6627.533613445378,5834.399159663865,5.0
78,2019-06-13T00:00:00.000Z,,,,,,,,,,,,
79,2019-06-18T00:00:00.000Z,1102.046218487395,1450.1344537815125,2382.8823529411766,3827.563025210084,4382.33193277311,4488.550420168067,4770.4327731092435,4557.09243697479,4874.533613445378,6514.075630252101,5964.529411764706,5.0
80,2019-06-23T00:00:00.000Z,1161.936974789916,1396.7226890756303,2317.2605042016808,3645.840336134454,4219.13025210084,4420.571428571428,4585.504201680672,4465.09243697479,4740.953781512605,6086.823529411765,5234.63025210084,5.0
81,2019-06-28T00:00:00.000Z,1089.8067226890757,1399.5546218487395,2244.890756302521,3490.0084033613443,4036.8823529411766,4273.03781512605,4578.53781512605,4337.915966386555,4676.941176470588,6035.075630252101,5399.205882352941,5.0
82,2019-07-03T00:00:00.000Z,1244.546218487395,1461.8655462184875,2308.2436974789916,3487.016806722689,4032.201680672269,4282.420168067227,4460.680672268908,4289.983193277311,4650.4789915966385,6015.033613445378,5149.088235294118,5.0
83,2019-07-13T00:00:00.000Z,1208.7983193277312,1450.6302521008404,2428.798319327731,3836.4747899159665,4456.050420168067,4694.336134453782,4866.33193277311,4655.571428571428,5074.59243697479,6618.105042016807,5792.084033613445,5.0
84,2019-07-23T00:00:00.000Z,1253.09243697479,1553.1008403361345,2586.6638655462184,3900.4453781512607,4656.348739495798,5225.26050420168,5435.079831932773,5296.033613445378,5643.957983193277,6597.26050420168,5139.33193277311,5.0
85,2019-08-07T00:00:00.000Z,,,,,,,,,,,,
86,2019-08-12T00:00:00.000Z,867.5294117647059,1050.310924369748,1876.7058823529412,2707.924369747899,3445.3193277310925,4336.605042016807,4627.3403361344535,4449.873949579832,4812.563025210084,5198.9789915966385,4177.138655462185,4.991596638655462
87,2019-08-17T00:00:00.000Z,787.9201680672269,976.781512605042,1629.8067226890757,2233.0672268907565,2840.252100840336,3655.063025210084,4064.5,3823.924369747899,4160.201680672269,4118.18487394958,3157.1050420168067,5.0
88,2019-08-27T00:00:00.000Z,1314.4302325581396,1668.7558139534883,2424.0348837209303,3375.232558139535,4148.21511627907,4959.232558139535,5479.9011627906975,5127.302325581395,5688.918604651163,6409.790697674419,5321.139534883721,5.023255813953488
89,2019-09-06T00:00:00.000Z,811.5210084033613,1106.90756302521,1910.718487394958,2776.9033613445376,3500.4201680672268,4190.90756302521,4569.0,4384.285714285715,4695.109243697479,5491.189075630252,4660.285714285715,5.0
90,2019-09-11T00:00:00.000Z,984.3151260504202,1164.3487394957983,1907.5882352941176,2621.794117647059,3341.9453781512607,4050.235294117647,4306.3865546218485,4151.008403361345,4542.004201680672,5170.857142857143,4178.970588235294,5.0
91,2019-09-21T00:00:00.000Z,943.6050420168067,1135.310924369748,1886.7394957983192,2651.983193277311,3375.214285714286,4019.4453781512607,4255.9789915966385,4149.226890756303,4512.928571428572,5184.0,4187.546218487395,5.0
92,2019-09-26T00:00:00.000Z,1101.718487394958,1351.546218487395,1986.9663865546217,2708.823529411765,3330.214285714286,3862.9579831932774,4214.071428571428,4080.5546218487393,4384.8403361344535,5091.516806722689,4257.8403361344535,5.0
93,2019-10-01T00:00:00.000Z,1007.3697478991596,1165.0966386554621,1870.563025210084,2691.235294117647,3357.7563025210084,3883.3823529411766,4130.861344537815,4010.638655462185,4397.6134453781515,4926.726890756303,3807.8991596638657,5.0
94,2019-10-11T00:00:00.000Z,,,,,,,,,,,,
95,2019-10-16T00:00:00.000Z,807.1890756302521,1102.3445378151262,1826.0672268907563,2769.138655462185,3367.5042016806724,3761.176470588235,4066.4327731092435,3984.655462184874,4239.731092436975,5324.3403361344535,4496.936974789916,5.0
96,2019-10-21T00:00:00.000Z,2161.063025210084,1858.0504201680671,2301.563025210084,2890.3109243697477,3236.621848739496,3530.3655462184875,3759.86974789916,3558.747899159664,3979.768907563025,4273.94537815126,3296.1512605042017,5.016806722689076
97,2019-11-05T00:00:00.000Z,804.5042016806723,1141.8025210084033,1897.6050420168067,3042.8067226890757,3539.294117647059,3823.7563025210084,4074.878151260504,4269.4747899159665,4267.336134453782,5555.294117647059,4714.617647058823,5.0
98,2019-11-10T00:00:00.000Z,810.453781512605,1054.1764705882354,1795.4621848739496,2908.0966386554624,3423.323529411765,3660.546218487395,3864.9663865546217,3987.2436974789916,4113.936974789916,5376.9327731092435,4389.466386554622,5.0
99,2019-11-15T00:00:00.000Z,721.8025210084033,1069.6470588235295,1789.109243697479,2911.4495798319326,3380.90756302521,3582.731092436975,3839.840336134454,3950.0252100840335,4043.0378151260506,5388.14705882353,4579.378151260505,5.0
100,2019-11-20T00:00:00.000Z,762.8739495798319,1034.5042016806722,1828.3445378151262,3036.0,3521.5714285714284,3744.126050420168,3952.361344537815,4139.008403361345,4195.428571428572,5582.016806722689,4558.5210084033615,5.0
101,2019-11-30T00:00:00.000Z,737.5378151260504,1026.2310924369747,1852.264705882353,3104.785714285714,3573.63025210084,3785.8487394957983,3977.121848739496,4179.68487394958,4214.4747899159665,5599.96218487395,4575.09243697479,5.0
102,2019-12-05T00:00:00.000Z,718.4663865546219,1089.420168067227,1869.81512605042,3138.8991596638657,3527.4117647058824,3763.31512605042,3993.8865546218485,4332.915966386555,4205.016806722689,5582.121848739495,4726.928571428572,5.0
103,2019-12-10T00:00:00.000Z,909.1596638655462,1159.9579831932774,1919.9831932773109,3117.844537815126,3546.4789915966385,3765.1050420168067,3958.8109243697477,4255.743697478992,4197.735294117647,5535.390756302521,4511.718487394958,5.0
104,2019-12-15T00:00:00.000Z,707.1218487394958,1085.0672268907563,1877.9621848739496,3141.231092436975,3552.3655462184875,3758.9453781512607,3982.4663865546217,4247.336134453782,4193.033613445378,5600.504201680672,4765.03781512605,5.0
105,2019-12-20T00:00:00.000Z,899.2521008403361,1166.1680672268908,1955.8991596638655,3175.046218487395,3612.4411764705883,3811.7436974789916,3997.340336134454,4243.957983193277,4235.033613445378,5588.6596638655465,4580.764705882353,5.0
106,2019-12-25T00:00:00.000Z,698.3277310924369,1072.2394957983192,1861.8823529411766,3134.0210084033615,3499.22268907563,3728.0588235294117,3947.9747899159665,4323.373949579832,4167.436974789916,5563.504201680672,4721.731092436975,5.0
107,2019-12-30T00:00:00.000Z,715.4621848739496,1014.9621848739496,1859.6806722689075,3149.63025210084,3570.7436974789916,3779.3025210084033,3972.878151260504,4257.718487394958,4202.327731092437,5584.8403361344535,4592.40756302521,5.0
108,2020-01-04T00:00:00.000Z,959.436974789916,1329.8067226890757,2096.0,3297.0420168067226,3677.3361344537816,3865.6176470588234,4082.159663865546,4344.756302521008,4275.504201680672,5614.928571428572,4813.327731092437,5.0
109,2020-01-09T00:00:00.000Z,861.781512605042,1107.3865546218487,1760.0168067226891,2786.9663865546217,3211.1176470588234,3358.7731092436975,3539.390756302521,3606.7731092436975,3788.3025210084033,5336.848739495798,4482.714285714285,5.0
110,2020-01-14T00:00:00.000Z,762.5252100840336,1134.689075630252,1895.7478991596638,3122.4621848739494,3524.8067226890757,3702.81512605042,3923.529411764706,4151.428571428572,4129.693277310925,5598.273109243697,4827.289915966387,5.0
111,2020-01-19T00:00:00.000Z,1150.0084033613446,1401.5210084033613,2177.4285714285716,3368.6638655462184,3792.516806722689,3957.890756302521,4132.495798319328,4369.327731092437,4347.298319327731,5671.046218487395,4698.794117647059,5.0
112,2020-01-24T00:00:00.000Z,1024.4747899159663,1369.18487394958,2142.747899159664,3386.7731092436975,3761.2268907563025,3943.361344537815,4165.77731092437,4445.747899159664,4366.970588235294,5774.83193277311,4970.806722689075,5.0
113,2020-01-29T00:00:00.000Z,858.8949579831933,1153.3949579831933,2018.2268907563025,3354.18487394958,3750.2100840336134,3941.626050420168,4126.83193277311,4423.394957983193,4354.55462184874,5734.991596638655,4776.76050420168,5.0
114,2020-02-08T00:00:00.000Z,1069.0504201680671,1324.7226890756303,2123.2436974789916,3375.5966386554624,3799.2100840336134,3953.890756302521,4132.642857142857,4359.411764705882,4348.13025210084,5739.0252100840335,4800.764705882353,5.0
115,2020-02-18T00:00:00.000Z,1134.2478991596638,1378.436974789916,2172.6134453781515,3446.3949579831933,3877.298319327731,4026.705882352941,4205.890756302521,4428.016806722689,4420.836134453782,5859.3403361344535,4913.584033613445,5.0
116,2020-02-23T00:00:00.000Z,916.1932773109244,1272.7142857142858,2036.9747899159663,3299.8991596638657,3709.8655462184875,3851.0378151260506,4089.4663865546217,4243.428571428572,4289.226890756303,5882.731092436975,5161.457983193277,5.0
117,2020-02-28T00:00:00.000Z,1393.8319327731092,1612.9663865546217,2324.0672268907565,3468.126050420168,3889.6890756302523,4015.8109243697477,4183.155462184874,4333.495798319328,4384.899159663865,5833.281512605042,4916.655462184874,5.0
118,2020-03-04T00:00:00.000Z,1280.9033613445379,1593.109243697479,2293.3109243697477,3478.529411764706,3857.936974789916,3999.705882352941,4215.03781512605,4427.310924369748,4382.22268907563,5860.894957983193,5122.953781512605,5.0
119,2020-03-09T00:00:00.000Z,1041.2941176470588,1308.0336134453783,2138.4201680672268,3476.8571428571427,3900.563025210084,4057.1344537815125,4236.075630252101,4442.235294117647,4459.348739495798,5954.5210084033615,5011.1134453781515,5.0
120,2020-03-14T00:00:00.000Z,1258.2310924369747,1589.453781512605,2335.252100840336,3550.9663865546217,3950.0546218487393,4076.9789915966385,4299.911764705882,4483.361344537815,4477.899159663865,5972.306722689075,5235.726890756303,5.0
121,2020-03-29T00:00:00.000Z,1203.436974789916,1457.9579831932774,2267.9411764705883,3567.672268907563,4006.5378151260506,4143.071428571428,4325.995798319328,4474.268907563025,4539.483193277311,6019.121848739495,5093.264705882353,5.0
122,2020-04-03T00:00:00.000Z,1041.1974789915967,1405.563025210084,2252.1428571428573,3670.0588235294117,4093.9957983193276,4235.310924369748,4470.075630252101,4642.957983193277,4652.689075630252,6217.483193277311,5474.344537815126,5.0
123,2020-04-13T00:00:00.000Z,1344.3403361344538,1654.6638655462184,2375.0,3558.5966386554624,3974.9411764705883,4062.323529411765,4300.571428571428,4350.151260504202,4452.247899159664,5982.180672268908,5346.810924369748,5.0
124,2020-04-18T00:00:00.000Z,1490.5378151260504,1683.0672268907563,2460.4621848739494,3632.2100840336134,4071.6806722689075,4146.176470588235,4313.180672268908,4332.823529411765,4502.172268907563,5941.247899159664,5052.483193277311,5.0
125,2020-04-23T00:00:00.000Z,1197.7731092436975,1535.1008403361345,2315.9747899159665,3584.075630252101,4023.81512605042,4102.44537815126,4365.420168067227,4329.09243697479,4515.953781512605,6052.752100840336,5391.731092436975,5.0
126,2020-04-28T00:00:00.000Z,1200.781512605042,1437.0252100840337,2257.6890756302523,3563.0336134453783,4044.1890756302523,4133.9327731092435,4322.890756302521,4274.134453781513,4532.819327731092,6039.302521008403,5145.323529411765,5.0
127,2020-05-03T00:00:00.000Z,1153.7142857142858,1483.310924369748,2293.176470588235,3579.5378151260506,4043.281512605042,4089.0126050420167,4365.53781512605,4251.327731092437,4515.365546218487,6072.752100840336,5420.655462184874,5.0
128,2020-05-08T00:00:00.000Z,1107.3025210084033,1325.3865546218487,2204.5798319327732,3601.983193277311,4113.13025210084,4184.0252100840335,4361.550420168067,4290.638655462185,4553.033613445378,6192.6134453781515,5429.634453781513,5.0
129,2020-05-13T00:00:00.000Z,,,,,,,,,,,,
130,2020-05-18T00:00:00.000Z,,,,,,,,,,,,
131,2020-05-23T00:00:00.000Z,1227.6008403361345,1596.327731092437,2538.5798319327732,4066.7731092436975,4578.357142857143,4656.983193277311,4950.928571428572,4868.72268907563,5077.941176470588,6946.928571428572,6451.6134453781515,5.0
132,2020-06-17T00:00:00.000Z,1272.689075630252,1514.6638655462184,2354.4621848739494,3612.0252100840335,4051.584033613445,4147.105042016807,4315.176470588235,4159.63025210084,4490.5210084033615,5919.957983193277,5059.3403361344535,5.0
133,2020-06-27T00:00:00.000Z,1231.59243697479,1431.0840336134454,2256.9495798319326,3535.890756302521,4010.4663865546217,4138.3403361344535,4281.836134453782,4176.0672268907565,4430.0210084033615,5966.710084033613,5258.5,5.0
134,2020-07-02T00:00:00.000Z,1019.9201680672269,1304.6806722689075,2150.798319327731,3492.268907563025,3950.4495798319326,3991.0882352941176,4260.0672268907565,4027.4201680672268,4355.100840336135,6003.016806722689,5548.911764705882,5.0
135,2020-07-07T00:00:00.000Z,1138.361344537815,1353.0756302521008,2240.705882352941,3545.915966386555,4014.176470588235,4111.701680672269,4275.529411764706,4083.201680672269,4434.4789915966385,5881.063025210084,5090.294117647059,5.0
136,2020-07-12T00:00:00.000Z,1124.90756302521,1431.857142857143,2311.126050420168,3718.3025210084033,4200.894957983193,4271.90756302521,4572.8865546218485,4268.621848739495,4656.441176470588,6298.911764705882,5731.949579831933,5.0
137,2020-07-17T00:00:00.000Z,995.6302521008404,1006.5294117647059,1686.546218487395,2820.718487394958,3251.0,3318.8865546218485,3432.3361344537816,3194.8991596638657,3534.3109243697477,4541.890756302521,3591.90756302521,5.0
138,2020-07-22T00:00:00.000Z,833.4705882352941,1110.7142857142858,1973.8235294117646,3342.890756302521,3874.281512605042,4000.936974789916,4236.411764705882,4000.878151260504,4269.310924369748,5311.134453781513,4505.172268907563,5.0
139,2020-08-01T00:00:00.000Z,,,,,,,,,,,,
140,2020-08-06T00:00:00.000Z,1459.4789915966387,1682.1176470588234,2682.7563025210084,3851.1428571428573,4676.176470588235,5427.415966386555,5701.5,5367.680672268908,5924.268907563025,6728.844537815126,5537.920168067227,5.0
141,2020-08-16T00:00:00.000Z,945.5672268907563,1169.5504201680671,2145.168067226891,3092.1806722689075,4015.5378151260506,4933.59243697479,5179.382352941177,4953.27731092437,5326.966386554622,5880.117647058823,4863.373949579832,4.991596638655462
142,2020-08-26T00:00:00.000Z,1283.40625,998.84375,1674.8020833333333,2221.0625,2888.015625,3608.4322916666665,3826.4166666666665,3592.09375,3985.59375,3886.6302083333335,2988.7760416666665,4.942708333333333
143,2020-08-31T00:00:00.000Z,967.4117647058823,1242.0756302521008,2051.0588235294117,2881.6890756302523,3582.861344537815,4363.924369747899,4785.575630252101,4529.294117647059,4906.289915966387,5313.004201680672,4345.894957983193,5.0
144,2020-09-10T00:00:00.000Z,776.3487394957983,1033.7563025210084,1740.5126050420167,2435.264705882353,3118.205882352941,3890.176470588235,4271.680672268908,4055.09243697479,4377.319327731092,4348.436974789916,3277.7436974789916,4.974789915966387
145,2020-09-15T00:00:00.000Z,985.344537815126,1202.3697478991596,2089.1512605042017,3004.138655462185,3835.798319327731,4691.1134453781515,4974.155462184874,4815.134453781513,5198.0672268907565,5700.214285714285,4592.310924369748,4.991596638655462
146,2020-09-25T00:00:00.000Z,1189.3361344537816,1339.9831932773109,2029.2857142857142,2628.563025210084,3386.609243697479,4257.5252100840335,4531.180672268908,4399.4789915966385,4736.23949579832,4995.550420168067,4001.4327731092435,5.0
147,2020-09-30T00:00:00.000Z,810.5294117647059,1094.1680672268908,1869.436974789916,2600.6806722689075,3382.172268907563,4235.289915966387,4631.117647058823,4417.411764705882,4804.1134453781515,5209.63025210084,4335.470588235294,4.991596638655462
148,2020-10-10T00:00:00.000Z,771.2058823529412,1056.4117647058824,1810.5,2527.5126050420167,3341.90756302521,4143.848739495798,4531.40756302521,4323.210084033613,4677.5672268907565,5113.491596638655,4140.81512605042,5.0
149,2020-10-15T00:00:00.000Z,911.2689075630252,1088.735294117647,1834.5126050420167,2552.5882352941176,3344.8655462184875,4103.697478991597,4349.1134453781515,4262.546218487395,4589.210084033613,5044.512605042017,3998.6470588235293,5.0
150,2020-10-20T00:00:00.000Z,703.3319327731092,1010.8613445378152,1769.9831932773109,2587.3823529411766,3341.0210084033615,4049.470588235294,4383.1596638655465,4342.680672268908,4538.105042016807,5104.105042016807,4236.042016806723,5.0
151,2020-10-25T00:00:00.000Z,,,,,,,,,,,,
152,2020-10-30T00:00:00.000Z,688.6680672268908,1029.2857142857142,1811.3025210084033,2752.214285714286,3450.2436974789916,4048.126050420168,4331.1596638655465,4483.373949579832,4505.689075630252,5205.512605042017,4335.033613445378,5.0
153,2020-11-04T00:00:00.000Z,1048.59243697479,1231.1050420168067,1945.1512605042017,2841.9327731092435,3537.415966386555,4030.0042016806724,4249.487394957983,4346.596638655462,4483.781512605042,5204.155462184874,4165.327731092437,5.0
154,2020-11-09T00:00:00.000Z,792.271186440678,1121.2838983050847,1899.084745762712,2926.9745762711864,3578.7076271186443,4065.4576271186443,4347.966101694915,4536.190677966101,4537.059322033899,5293.470338983051,4394.60593220339,5.0
155,2020-11-14T00:00:00.000Z,905.609243697479,1143.8025210084033,1909.1008403361345,2922.5966386554624,3580.155462184874,3995.4201680672268,4202.53781512605,4342.605042016807,4444.016806722689,5297.609243697479,4235.8865546218485,5.0
156,2020-11-19T00:00:00.000Z,671.0420168067227,1051.18487394958,1841.0210084033613,2960.878151260504,3553.0672268907565,3929.1470588235293,4185.634453781513,4403.0210084033615,4398.142857142857,5439.819327731092,4508.491596638655,5.0
157,2020-11-24T00:00:00.000Z,690.4957983193277,982.2563025210084,1809.9411764705883,2979.264705882353,3558.798319327731,3915.764705882353,4130.22268907563,4362.59243697479,4377.071428571428,5422.705882352941,4355.004201680672,5.0
158,2020-11-29T00:00:00.000Z,690.6764705882352,1040.3991596638655,1752.8487394957983,2873.36974789916,3412.701680672269,3700.168067226891,3985.86974789916,4122.042016806723,4224.424369747899,5398.289915966387,4522.285714285715,5.0
159,2020-12-04T00:00:00.000Z,688.6218487394958,989.6974789915967,1789.8865546218487,3006.1890756302523,3564.09243697479,3862.470588235294,4071.9495798319326,4251.348739495798,4320.995798319328,5492.298319327731,4419.53781512605,5.0
160,2020-12-09T00:00:00.000Z,612.8319327731092,1002.6470588235294,1779.6554621848738,3006.785714285714,3511.9915966386557,3783.2899159663866,4051.844537815126,4240.983193277311,4282.9327731092435,5508.399159663865,4613.756302521008,5.0
161,2020-12-14T00:00:00.000Z,654.2016806722689,956.4285714285714,1764.7310924369747,3010.5588235294117,3533.4201680672268,3807.936974789916,4019.235294117647,4242.794117647059,4294.050420168067,5491.995798319328,4421.453781512605,5.0
162,2020-12-24T00:00:00.000Z,684.4411764705883,993.3193277310925,1803.890756302521,3051.924369747899,3547.252100840336,3798.0378151260506,4017.6806722689075,4219.243697478992,4275.09243697479,5515.94537815126,4459.0,5.0
163,2020-12-29T00:00:00.000Z,685.0504201680673,1086.638655462185,1886.4663865546217,3176.0588235294117,3625.5546218487393,3880.483193277311,4139.5210084033615,4401.172268907563,4359.86974789916,5595.73949579832,4695.390756302521,5.0
164,2021-01-03T00:00:00.000Z,671.3571428571429,1000.0336134453781,1854.0672268907563,3174.798319327731,3663.6512605042017,3910.344537815126,4119.348739495798,4357.44537815126,4369.03781512605,5628.584033613445,4544.672268907563,5.0
165,2021-01-08T00:00:00.000Z,691.1680672268908,1094.7310924369747,1922.0840336134454,3255.294117647059,3686.4285714285716,3946.8655462184875,4189.63025210084,4521.18487394958,4417.390756302521,5684.411764705882,4760.298319327731,5.0
166,2021-01-13T00:00:00.000Z,778.1890756302521,1079.361344537815,1933.0252100840337,3269.7563025210084,3703.436974789916,3966.4579831932774,4185.96218487395,4529.344537815126,4428.436974789916,5624.466386554622,4544.899159663865,5.0
167,2021-01-18T00:00:00.000Z,749.1260504201681,1139.2226890756303,1938.8991596638655,3245.873949579832,3685.13025210084,3913.4411764705883,4163.710084033613,4428.323529411765,4381.466386554622,5688.390756302521,4795.5210084033615,5.0
168,2021-01-23T00:00:00.000Z,829.046218487395,1139.0756302521008,1985.8403361344538,3323.1974789915967,3764.861344537815,4011.155462184874,4226.319327731092,4529.016806722689,4464.806722689075,5718.861344537815,4655.394957983193,5.0
169,2021-01-28T00:00:00.000Z,796.7563025210084,1181.0336134453783,1975.1932773109243,3282.563025210084,3697.331932773109,3932.983193277311,4168.81512605042,4471.0252100840335,4387.40756302521,5706.16806722689,4834.55462184874,5.0
170,2021-02-02T00:00:00.000Z,823.7941176470588,1140.546218487395,2018.8193277310925,3429.659663865546,3844.4579831932774,4097.626050420168,4316.050420168067,4670.773109243697,4549.197478991597,5805.495798319328,4734.768907563025,5.0
171,2021-02-07T00:00:00.000Z,,,,,,,,,,,,
172,2021-02-12T00:00:00.000Z,939.6722689075631,1234.2941176470588,2077.294117647059,3429.0042016806724,3878.5714285714284,4100.394957983193,4304.155462184874,4580.9327731092435,4538.516806722689,5855.865546218487,4811.016806722689,5.0
173,2021-02-17T00:00:00.000Z,1409.2142857142858,1770.9915966386554,2493.731092436975,3606.0252100840335,4013.6470588235293,4178.508403361345,4413.063025210084,4581.058823529412,4594.718487394958,5862.579831932773,5007.084033613445,5.0
174,2021-02-22T00:00:00.000Z,1041.3445378151262,1314.5546218487395,2147.9411764705883,3506.9957983193276,3943.126050420168,4157.605042016807,4363.77731092437,4636.8403361344535,4581.970588235294,5909.903361344538,4881.327731092437,5.0
175,2021-02-27T00:00:00.000Z,1881.7310924369747,2350.126050420168,2874.0504201680674,3781.4033613445376,4136.273109243697,4252.176470588235,4465.121848739495,4702.033613445378,4634.09243697479,6021.13025210084,5197.205882352941,5.0
176,2021-03-04T00:00:00.000Z,998.2016806722689,1265.18487394958,2063.781512605042,3365.264705882353,3826.4873949579833,4020.3991596638657,4218.731092436975,4375.201680672269,4457.621848739495,5904.609243697479,4943.0210084033615,5.0
177,2021-03-09T00:00:00.000Z,972.5084033613446,1331.1008403361345,2119.268907563025,3477.701680672269,3906.138655462185,4087.9957983193276,4336.231092436975,4564.033613445378,4545.512605042017,6035.64705882353,5209.004201680672,5.0
178,2021-03-14T00:00:00.000Z,1272.3235294117646,1495.764705882353,2150.36974789916,3198.6050420168067,3596.8025210084033,3722.890756302521,3880.59243697479,3971.1512605042017,4078.6428571428573,5212.449579831933,4317.100840336135,5.0
179,2021-03-29T00:00:00.000Z,2212.1008403361343,2482.655462184874,3040.4453781512607,3981.27731092437,4333.172268907563,4438.151260504202,4632.008403361345,4820.235294117647,4764.764705882353,6001.0,5196.701680672269,5.0
180,2021-04-03T00:00:00.000Z,1176.3823529411766,1442.5882352941176,2288.9411764705883,3690.378151260504,4125.857142857143,4310.90756302521,4505.626050420168,4769.4789915966385,4712.26050420168,6120.441176470588,5131.441176470588,5.0
181,2021-04-08T00:00:00.000Z,1105.1218487394958,1447.90756302521,2265.8655462184875,3675.6638655462184,4095.36974789916,4271.33193277311,4501.899159663865,4731.529411764706,4693.348739495798,6202.697478991597,5423.516806722689,5.0
182,2021-04-13T00:00:00.000Z,1279.4495798319329,1517.9495798319329,2309.873949579832,3642.8067226890757,4092.781512605042,4255.365546218487,4446.516806722689,4641.210084033613,4664.323529411765,6104.075630252101,5130.764705882353,5.0
183,2021-04-18T00:00:00.000Z,1160.5,1485.9495798319329,2282.731092436975,3654.7899159663866,4134.705882352941,4216.180672268908,4533.109243697479,4421.09243697479,4728.836134453782,6338.319327731092,5564.046218487395,5.0
184,2021-04-23T00:00:00.000Z,1111.5420168067226,1377.6134453781513,2257.840336134454,3722.5042016806724,4219.924369747899,4358.5252100840335,4556.533613445378,4640.605042016807,4781.508403361345,6283.663865546218,5323.86974789916,5.0
185,2021-04-28T00:00:00.000Z,1112.59243697479,1452.890756302521,2242.0,3587.9747899159665,4050.0084033613443,4149.344537815126,4428.949579831933,4421.09243697479,4599.596638655462,6145.810924369748,5398.495798319328,5.0
186,2021-05-13T00:00:00.000Z,1151.1218487394958,1375.453781512605,2204.016806722689,3584.7899159663866,4063.936974789916,4187.46218487395,4390.672268907563,4428.36974789916,4623.4789915966385,6073.336134453782,5136.252100840336,5.0
187,2021-05-18T00:00:00.000Z,1020.0420168067227,1321.9579831932774,2090.5210084033615,3446.81512605042,3914.798319327731,4002.3109243697477,4308.584033613445,4215.90756302521,4505.626050420168,6111.86974789916,5351.243697478992,5.0
188,2021-05-23T00:00:00.000Z,1058.5882352941176,1295.764705882353,2168.5798319327732,3607.1176470588234,4156.23949579832,4263.651260504202,4476.655462184874,4381.100840336135,4750.621848739495,6107.83193277311,5122.63025210084,5.0
189,2021-05-28T00:00:00.000Z,1178.90756302521,1473.2773109243697,2362.840336134454,3895.0504201680674,4408.105042016807,4496.953781512605,4818.59243697479,4721.361344537815,5017.197478991597,6639.382352941177,5904.436974789916,5.0
190,2021-06-02T00:00:00.000Z,1136.90756302521,1393.5042016806722,2329.4201680672268,3847.983193277311,4403.491596638655,4495.756302521008,4687.924369747899,4608.050420168067,4919.03781512605,6548.873949579832,5641.9747899159665,5.0
191,2021-06-12T00:00:00.000Z,1253.7605042016808,1470.0672268907563,2351.5126050420167,3720.2436974789916,4225.747899159664,4297.029411764706,4467.957983193277,4310.890756302521,4675.273109243697,6280.689075630252,5454.281512605042,5.0
192,2021-06-17T00:00:00.000Z,1244.920168067227,1549.2100840336134,2445.168067226891,3915.0504201680674,4402.823529411765,4449.642857142857,4751.844537815126,4537.0252100840335,4861.588235294118,6555.64705882353,5990.563025210084,5.0
193,2021-06-22T00:00:00.000Z,3620.3571428571427,2665.6190476190477,3341.714285714286,4305.690476190476,4724.357142857143,4710.285714285715,4840.976190476191,4368.142857142857,5058.166666666667,5841.0952380952385,4780.261904761905,5.857142857142857
194,2021-06-27T00:00:00.000Z,1031.0210084033613,1361.3529411764705,2256.873949579832,3704.8571428571427,4199.016806722689,4259.878151260505,4531.953781512605,4345.915966386555,4644.033613445378,6338.483193277311,5797.563025210084,5.0
195,2021-07-02T00:00:00.000Z,1199.9159663865546,1400.327731092437,2300.9663865546217,3730.747899159664,4249.579831932773,4327.344537815126,4485.5672268907565,4292.83193277311,4657.634453781513,6184.596638655462,5316.218487394958,5.0
196,2021-07-07T00:00:00.000Z,1099.579831932773,1434.764705882353,2339.201680672269,3788.2100840336134,4277.105042016807,4333.336134453782,4616.823529411765,4407.109243697479,4706.117647058823,6351.714285714285,5758.714285714285,5.0
197,2021-07-12T00:00:00.000Z,1235.1974789915967,1450.5966386554621,2388.731092436975,3884.1008403361343,4420.861344537815,4499.0252100840335,4648.457983193277,4451.294117647059,4838.949579831933,6454.735294117647,5659.13025210084,5.0
198,2021-07-17T00:00:00.000Z,1100.453781512605,1425.8823529411766,2358.8991596638657,3829.063025210084,4360.218487394958,4443.533613445378,4727.327731092437,4473.176470588235,4815.579831932773,6507.138655462185,5999.781512605042,5.0
199,2021-07-22T00:00:00.000Z,1225.6344537815125,1456.1932773109243,2437.1932773109243,3932.0420168067226,4562.22268907563,4748.378151260505,4922.180672268908,4675.1596638655465,5116.453781512605,6731.621848739495,5816.743697478992,5.0
200,2021-08-01T00:00:00.000Z,1076.9495798319329,1293.3697478991596,2228.6806722689075,3549.5882352941176,4191.344537815126,4463.35294117647,4626.987394957983,4423.336134453782,4826.247899159664,6361.285714285715,5535.415966386555,5.0
201,2021-08-21T00:00:00.000Z,1060.189075630252,1282.6554621848738,2199.915966386555,3300.714285714286,4028.9621848739494,4592.378151260505,4808.411764705882,4615.579831932773,4997.210084033613,6054.504201680672,5128.310924369748,5.0
202,2021-09-20T00:00:00.000Z,1067.81512605042,1245.8823529411766,1977.689075630252,2813.6932773109243,3505.676470588235,4161.819327731092,4419.231092436975,4293.210084033613,4640.558823529412,5368.794117647059,4405.848739495798,5.0
203,2021-09-25T00:00:00.000Z,828.5,1145.3655462184875,1931.7731092436975,2915.18487394958,3564.281512605042,4144.663865546218,4495.31512605042,4377.655462184874,4650.231092436975,5565.957983193277,4764.714285714285,5.0
204,2021-09-30T00:00:00.000Z,840.8823529411765,1070.2436974789916,1919.3193277310925,2932.529411764706,3641.7563025210084,4239.508403361345,4476.046218487395,4347.768907563025,4734.109243697479,5594.163865546218,4592.16806722689,5.0
205,2021-10-10T00:00:00.000Z,993.3865546218487,1171.0672268907563,1868.7983193277312,2794.1428571428573,3392.9663865546217,3865.5336134453783,4089.5798319327732,4086.075630252101,4297.726890756303,4953.063025210084,4010.1512605042017,5.0
206,2021-10-15T00:00:00.000Z,833.8487394957983,1158.063025210084,1947.3781512605042,3063.5546218487393,3684.5504201680674,4133.806722689075,4436.693277310925,4488.983193277311,4593.83193277311,5608.415966386555,4773.9747899159665,5.0
207,2021-10-20T00:00:00.000Z,957.3109243697479,1174.546218487395,1944.563025210084,3020.1974789915967,3658.2605042016808,4056.86974789916,4286.798319327731,4233.27731092437,4544.079831932773,5571.201680672269,4534.718487394958,5.0
208,2021-10-25T00:00:00.000Z,914.5420168067227,1225.9663865546217,1978.4117647058824,3095.5210084033615,3661.0882352941176,4059.9957983193276,4369.642857142857,4433.596638655462,4559.584033613445,5610.046218487395,4769.142857142857,5.0
209,2021-10-30T00:00:00.000Z,895.7731092436975,1142.361344537815,1961.9579831932774,3161.701680672269,3753.281512605042,4150.68487394958,4374.05462184874,4537.05462184874,4605.487394957983,5625.046218487395,4581.957983193277,5.0
210,2021-11-04T00:00:00.000Z,825.2983193277311,1160.2521008403362,1944.126050420168,3143.9411764705883,3693.2731092436975,4038.0042016806724,4323.121848739495,4429.911764705882,4518.781512605042,5663.18487394958,4820.752100840336,5.0
211,2021-11-14T00:00:00.000Z,742.844537815126,1112.8655462184875,1924.4453781512605,3199.453781512605,3715.31512605042,3991.3655462184875,4260.672268907563,4431.6596638655465,4459.928571428572,5708.441176470588,4882.714285714285,5.0
212,2021-11-19T00:00:00.000Z,859.5882352941177,1134.2268907563025,1973.361344537815,3273.1890756302523,3792.4663865546217,4075.4957983193276,4286.96218487395,4500.294117647059,4527.285714285715,5738.903361344538,4716.747899159664,5.0
213,2021-11-24T00:00:00.000Z,747.0546218487395,1127.672268907563,1966.3781512605042,3305.5378151260506,3793.844537815126,4041.63025210084,4296.491596638655,4472.235294117647,4492.40756302521,5787.310924369748,4974.428571428572,5.0
214,2021-11-29T00:00:00.000Z,,,,,,,,,,,,
215,2021-12-04T00:00:00.000Z,1432.6512605042017,1704.9915966386554,2335.168067226891,3426.9579831932774,3853.13025210084,4063.0336134453783,4305.16806722689,4479.949579831933,4486.970588235294,5643.197478991597,4815.86974789916,5.0
216,2021-12-09T00:00:00.000Z,853.0168067226891,1162.0840336134454,2045.5294117647059,3418.8361344537816,3890.6806722689075,4160.617647058823,4348.743697478992,4640.66806722689,4573.084033613445,5812.109243697479,4808.571428571428,5.0
217,2021-12-14T00:00:00.000Z,820.4579831932773,1215.7226890756303,2048.3025210084033,3428.9453781512607,3917.2436974789916,4151.327731092437,4419.235294117647,4602.218487394958,4628.764705882353,6083.718487394958,5236.890756302521,5.0
218,2021-12-19T00:00:00.000Z,841.7857142857143,1147.1932773109243,2046.0336134453783,3423.4957983193276,3907.823529411765,4141.415966386555,4331.651260504202,4538.079831932773,4542.306722689075,5823.76050420168,4854.621848739495,5.0
219,2021-12-24T00:00:00.000Z,745.8403361344538,1142.4579831932774,1994.7731092436975,3359.768907563025,3809.3109243697477,4022.1344537815125,4265.012605042017,4425.915966386555,4446.042016806723,5816.9747899159665,5079.151260504202,5.0
220,2021-12-29T00:00:00.000Z,,,,,,,,,,,,
221,2022-01-03T00:00:00.000Z,1117.4789915966387,1472.4117647058824,2287.563025210084,3594.159663865546,4054.63025210084,4251.424369747899,4499.55462184874,4660.53781512605,4676.35294117647,5982.243697478992,5205.710084033613,5.0
222,2022-01-08T00:00:00.000Z,845.9915966386554,1132.6302521008404,1968.0504201680671,3282.4789915966385,3757.63025210084,3950.924369747899,4139.378151260505,4291.731092436975,4365.399159663865,5763.936974789916,4873.302521008403,5.0
223,2022-01-13T00:00:00.000Z,906.0,1292.0,2179.0,3525.5,4005.0,4141.0,4373.0,4400.0,4534.0,5770.0,5029.0,5.0
224,2022-01-18T00:00:00.000Z,849.8529411764706,1158.18487394958,2092.8361344537816,3551.344537815126,3979.168067226891,4219.53781512605,4414.85294117647,4739.084033613445,4608.264705882353,5882.563025210084,4933.718487394958,5.0
225,2022-01-23T00:00:00.000Z,815.0042016806723,1216.2100840336134,2133.2100840336134,3603.3655462184875,4006.0882352941176,4229.710084033613,4450.634453781513,4762.781512605042,4616.861344537815,5949.23949579832,5198.9747899159665,5.0
226,2022-01-28T00:00:00.000Z,1278.1050420168067,1501.18487394958,2206.1344537815125,3426.0504201680674,3896.9033613445376,4082.201680672269,4268.936974789916,4440.806722689075,4467.218487394958,5835.306722689075,4940.31512605042,5.0
227,2022-02-02T00:00:00.000Z,1339.6596638655462,1629.1344537815125,2348.0672268907565,3667.9327731092435,4095.953781512605,4306.373949579832,4537.949579831933,4781.075630252101,4697.550420168067,6005.189075630252,5258.189075630252,5.0
228,2022-02-07T00:00:00.000Z,1061.09243697479,1354.4033613445379,2217.453781512605,3602.4033613445376,4095.0588235294117,4294.46218487395,4496.924369747899,4697.394957983193,4705.789915966387,6063.18487394958,5061.273109243697,5.0
229,2022-02-12T00:00:00.000Z,1225.2478991596638,1551.7310924369747,2309.0504201680674,3654.7731092436975,4097.466386554622,4296.197478991597,4529.079831932773,4751.899159663865,4674.09243697479,6043.075630252101,5304.8865546218485,5.0
230,2022-02-17T00:00:00.000Z,,,,,,,,,,,,
231,2022-02-22T00:00:00.000Z,1042.4831932773109,1401.2941176470588,2274.6470588235293,3775.1932773109243,4200.773109243697,4429.638655462185,4657.798319327731,4986.8403361344535,4810.310924369748,6154.46218487395,5375.663865546218,5.0
232,2022-02-27T00:00:00.000Z,1200.5336134453783,1449.361344537815,2266.5798319327732,3652.016806722689,4130.936974789916,4323.294117647059,4520.76050420168,4733.714285714285,4710.789915966387,6137.66806722689,5192.689075630252,5.0
233,2022-03-09T00:00:00.000Z,912.0840336134454,1223.3361344537816,2217.5882352941176,3782.5420168067226,4312.575630252101,4500.189075630252,4704.226890756303,4829.83193277311,4910.789915966387,6357.890756302521,5328.663865546218,5.0
234,2022-03-14T00:00:00.000Z,1254.1008403361345,1678.2436974789916,2556.714285714286,3935.2605042016808,4410.424369747899,4554.428571428572,4804.042016806723,4933.764705882353,4947.584033613445,6277.726890756303,5442.836134453782,5.0
235,2022-03-24T00:00:00.000Z,2549.764705882353,2701.6470588235293,3305.3109243697477,4294.453781512605,4701.109243697479,4766.063025210084,4970.575630252101,5039.109243697479,5057.31512605042,6166.924369747899,5353.100840336135,5.0
236,2022-03-29T00:00:00.000Z,1563.642857142857,1790.8991596638655,2551.7899159663866,3841.747899159664,4280.13025210084,4443.928571428572,4631.878151260505,4867.26050420168,4795.22268907563,6192.09243697479,5273.77731092437,5.0
237,2022-04-13T00:00:00.000Z,986.90756302521,1392.4117647058824,2408.4285714285716,4012.6974789915967,4540.546218487395,4632.27731092437,4943.781512605042,4878.705882352941,5114.35294117647,6534.424369747899,5689.621848739495,5.0
238,2022-04-23T00:00:00.000Z,994.9159663865546,1377.453781512605,2426.084033613445,4121.16806722689,4623.747899159664,4768.210084033613,5033.466386554622,5144.72268907563,5186.546218487395,6625.642857142857,5848.609243697479,5.0
239,2022-04-28T00:00:00.000Z,1161.0840336134454,1351.563025210084,2498.36974789916,4260.487394957983,4757.588235294118,4902.789915966387,5105.487394957983,5225.63025210084,5319.100840336135,6742.31512605042,5698.424369747899,5.0
240,2022-05-08T00:00:00.000Z,961.5840336134454,1122.0168067226891,2424.8109243697477,4224.575630252101,4663.731092436975,4758.773109243697,4962.0210084033615,5016.487394957983,5376.899159663865,6722.457983193277,5629.247899159664,5.0
241,2022-05-13T00:00:00.000Z,1022.2352941176471,1393.2100840336134,2408.4873949579833,4023.5714285714284,4515.411764705882,4561.121848739495,4866.768907563025,4773.428571428572,5067.4747899159665,6537.063025210084,5840.6134453781515,5.0
242,2022-05-18T00:00:00.000Z,864.563025210084,1161.5,2445.40756302521,4221.915966386555,4726.4327731092435,4813.226890756303,5013.491596638655,5029.579831932773,5319.714285714285,6688.189075630252,5639.0672268907565,5.0
243,2022-05-28T00:00:00.000Z,953.5798319327731,1203.126050420168,2291.3025210084033,3959.8571428571427,4485.22268907563,4562.588235294118,4737.256302521008,4669.210084033613,4999.470588235294,6498.201680672269,5596.40756302521,5.0
244,2022-06-02T00:00:00.000Z,996.4243697478992,1356.6638655462184,2321.36974789916,3908.1932773109243,4419.063025210084,4472.894957983193,4748.18487394958,4638.268907563025,4889.588235294118,6425.806722689075,5826.138655462185,5.0
245,2022-06-07T00:00:00.000Z,2343.5384615384614,2002.1758241758241,2956.153846153846,4798.461538461538,5197.681318681319,5350.3626373626375,5621.505494505494,5409.186813186813,5795.582417582417,7504.89010989011,6025.824175824176,5.0
246,2022-06-12T00:00:00.000Z,1108.3865546218487,1407.579831932773,2294.2605042016808,3829.4873949579833,4324.4327731092435,4366.9327731092435,4658.785714285715,4426.016806722689,4769.058823529412,6375.768907563025,5879.285714285715,5.0
247,2022-06-22T00:00:00.000Z,712.3697478991596,1055.3193277310925,2060.3865546218485,3665.109243697479,4119.651260504202,4175.012605042017,4428.142857142857,4294.63025210084,4561.18487394958,5704.911764705882,4944.176470588235,5.0
248,2022-06-27T00:00:00.000Z,,,,,,,,,,,,
249,2022-07-02T00:00:00.000Z,1095.2941176470588,1385.1680672268908,2311.6890756302523,3801.546218487395,4276.579831932773,4301.5252100840335,4571.235294117647,4297.44537815126,4672.596638655462,6117.457983193277,5704.9789915966385,5.0
250,2022-07-12T00:00:00.000Z,952.0420168067227,1316.2941176470588,2452.3193277310925,4211.268907563025,4682.90756302521,4719.64705882353,5004.235294117647,4846.941176470588,5194.823529411765,6730.726890756303,6192.218487394958,5.0
251,2022-07-17T00:00:00.000Z,,,,,,,,,,,,
252,2022-07-27T00:00:00.000Z,1214.8487394957983,1377.1344537815125,2518.31512605042,4052.1932773109243,4515.134453781513,4657.226890756303,4832.504201680672,4736.218487394958,5109.626050420168,6499.046218487395,5564.609243697479,5.0
253,2022-08-01T00:00:00.000Z,918.0882352941177,1254.1596638655462,2350.840336134454,3984.516806722689,4412.915966386555,4499.273109243697,4799.63025210084,4650.705882352941,5051.214285714285,6478.773109243697,5887.596638655462,5.0
254,2022-08-06T00:00:00.000Z,1057.4327731092437,1267.0840336134454,2191.8571428571427,3577.575630252101,4196.512605042017,4387.105042016807,4538.6134453781515,4337.6134453781515,4708.865546218487,6023.22268907563,5147.903361344538,5.0
255,2022-08-26T00:00:00.000Z,1164.6638655462184,1400.672268907563,2553.327731092437,3920.718487394958,4644.285714285715,5216.512605042017,5442.710084033613,5274.991596638655,5740.85294117647,6598.218487394958,5578.373949579832,5.0
256,2022-09-05T00:00:00.000Z,955.6050420168067,1195.81512605042,2222.6932773109243,3452.075630252101,4111.73949579832,4653.705882352941,4883.235294117647,4752.512605042017,5185.100840336135,6038.995798319328,5076.205882352941,5.0
257,2022-09-10T00:00:00.000Z,,,,,,,,,,,,
258,2022-09-20T00:00:00.000Z,2678.1960784313724,2826.300653594771,3346.392156862745,4012.078431372549,4677.261437908497,5241.176470588235,5650.470588235294,5282.0392156862745,5666.235294117647,5775.901960784314,4657.973856209151,5.222222222222222
259,2022-09-25T00:00:00.000Z,928.7142857142857,1181.7941176470588,2148.1050420168067,3386.7731092436975,4067.6050420168067,4632.764705882353,4856.189075630252,4738.079831932773,5051.68487394958,5940.378151260505,4968.424369747899,5.0
260,2022-10-05T00:00:00.000Z,871.0420168067227,1157.189075630252,2221.378151260504,3420.5882352941176,4070.546218487395,4667.735294117647,4909.8403361344535,4849.983193277311,5199.873949579832,5796.247899159664,4720.378151260505,5.0
261,2022-10-10T00:00:00.000Z,1668.8425925925926,1681.0555555555557,2611.2314814814813,3742.953703703704,4384.148148148148,4975.175925925926,5362.2962962962965,5182.333333333333,5466.648148148148,6101.981481481482,5127.398148148148,5.0
262,2022-10-15T00:00:00.000Z,,,,,,,,,,,,
263,2022-10-20T00:00:00.000Z,847.6050420168067,1247.6470588235295,2286.8823529411766,3656.247899159664,4323.05462184874,4908.697478991597,5224.197478991597,5275.075630252101,5323.151260504202,6065.09243697479,5202.85294117647,5.0
264,2022-10-25T00:00:00.000Z,1040.8865546218487,1242.4033613445379,2240.5588235294117,3546.1974789915967,4229.542016806723,4727.504201680672,4945.731092436975,4961.76050420168,5116.5252100840335,5942.466386554622,4911.83193277311,5.0
265,2022-10-30T00:00:00.000Z,864.90756302521,1235.9915966386554,2183.063025210084,3539.344537815126,4176.504201680672,4621.676470588235,4898.05462184874,4985.411764705882,4991.151260504202,5929.810924369748,5190.243697478992,5.0
266,2022-11-04T00:00:00.000Z,,,,,,,,,,,,
267,2022-11-09T00:00:00.000Z,884.936974789916,1254.4621848739496,2141.983193277311,3495.344537815126,4085.3361344537816,4451.579831932773,4717.920168067227,4783.5672268907565,4810.756302521008,5886.68487394958,5199.579831932773,5.0
268,2022-11-14T00:00:00.000Z,858.0546218487395,1166.357142857143,2168.0588235294117,3607.268907563025,4232.605042016807,4598.76050420168,4794.046218487395,4917.5252100840335,4945.72268907563,6010.382352941177,5049.415966386555,5.0
269,2022-11-19T00:00:00.000Z,869.1176470588235,1224.3025210084033,2114.3361344537816,3470.936974789916,4050.5042016806724,4380.487394957983,4654.273109243697,4764.53781512605,4778.663865546218,5900.638655462185,5169.663865546218,5.0
270,2022-11-24T00:00:00.000Z,840.9033613445379,1126.0504201680671,2096.361344537815,3521.0252100840335,4094.4621848739494,4440.281512605042,4639.357142857143,4854.966386554622,4797.59243697479,5909.83193277311,4972.73949579832,5.0
271,2022-11-29T00:00:00.000Z,837.953781512605,1210.3445378151262,2073.546218487395,3423.4327731092435,3931.4789915966385,4242.890756302521,4483.151260504202,4657.605042016807,4608.53781512605,5791.752100840336,5115.584033613445,5.0
272,2022-12-04T00:00:00.000Z,814.9873949579832,1096.109243697479,1935.327731092437,3225.638655462185,3789.3361344537816,4043.1176470588234,4245.983193277311,4270.100840336135,4428.16806722689,5751.90756302521,4920.31512605042,5.0
273,2022-12-09T00:00:00.000Z,930.5042016806723,1289.4873949579833,2113.4117647058824,3446.9789915966385,3957.705882352941,4232.693277310925,4473.029411764706,4649.894957983193,4587.785714285715,5781.357142857143,5101.94537815126,5.0
274,2022-12-14T00:00:00.000Z,881.8235294117648,1163.563025210084,2051.747899159664,3459.831932773109,3948.2563025210084,4250.957983193277,4444.004201680672,4709.201680672269,4579.558823529412,5791.73949579832,4943.991596638655,5.0
275,2022-12-19T00:00:00.000Z,793.9789915966387,1186.9243697478992,2089.546218487395,3537.781512605042,4035.247899159664,4309.483193277311,4546.3403361344535,4764.394957983193,4668.050420168067,5863.83193277311,5201.403361344538,5.0
276,2022-12-24T00:00:00.000Z,,,,,,,,,,,,
277,2022-12-29T00:00:00.000Z,1003.0378151260504,1351.7226890756303,2163.27731092437,3486.0714285714284,3968.701680672269,4207.03781512605,4436.798319327731,4576.655462184874,4546.957983193277,5784.373949579832,5164.794117647059,5.0
278,2023-01-03T00:00:00.000Z,1155.4579831932774,1427.9495798319329,2329.18487394958,3695.827731092437,4219.281512605042,4471.306722689075,4649.83193277311,4837.714285714285,4790.180672268908,5940.890756302521,5023.415966386555,5.0
279,2023-01-08T00:00:00.000Z,814.1218487394958,1182.5042016806722,2024.1008403361345,3395.4873949579833,3871.3529411764707,4109.718487394958,4345.273109243697,4501.163865546218,4479.890756302521,5810.920168067227,5225.121848739495,5.0
280,2023-01-18T00:00:00.000Z,845.4285714285714,1231.5294117647059,2141.0504201680674,3604.86974789916,4078.063025210084,4325.22268907563,4536.911764705882,4757.201680672269,4659.806722689075,5910.953781512605,5289.008403361345,5.0
281,2023-01-23T00:00:00.000Z,820.344537815126,1112.2100840336134,1992.6974789915967,3407.9873949579833,3925.3865546218485,4163.857142857143,4356.697478991597,4540.281512605042,4524.483193277311,5912.64705882353,5077.726890756303,5.0
282,2023-01-28T00:00:00.000Z,913.5966386554621,1288.7563025210084,2142.63025210084,3566.1344537815125,4042.7731092436975,4272.046218487395,4503.16806722689,4693.936974789916,4628.197478991597,5890.529411764706,5245.752100840336,5.0
283,2023-02-02T00:00:00.000Z,912.5084033613446,1155.5042016806722,1989.1932773109243,3327.563025210084,3819.138655462185,4037.176470588235,4223.983193277311,4349.142857142857,4397.323529411765,5727.924369747899,4923.83193277311,5.0
284,2023-02-12T00:00:00.000Z,1106.2436974789916,1357.7731092436975,2206.9579831932774,3617.109243697479,4096.344537815126,4321.40756302521,4501.33193277311,4736.18487394958,4666.8403361344535,6011.273109243697,5178.676470588235,5.0
285,2023-02-17T00:00:00.000Z,1936.8655462184875,2225.915966386555,2935.0504201680674,4099.411764705882,4535.588235294118,4701.90756302521,4900.201680672269,5084.823529411765,4990.94537815126,6113.310924369748,5410.726890756303,5.0
286,2023-02-22T00:00:00.000Z,760.1428571428571,1104.0210084033613,2227.436974789916,3893.5546218487393,4443.029411764706,4675.247899159664,4869.529411764706,5050.13025210084,5017.117647058823,6350.327731092437,5381.495798319328,5.0
287,2023-02-27T00:00:00.000Z,1011.4453781512605,1360.3697478991596,2187.159663865546,3585.9117647058824,4069.2563025210084,4243.6134453781515,4479.903361344538,4576.756302521008,4598.218487394958,6018.798319327731,5418.357142857143,5.0
288,2023-03-04T00:00:00.000Z,1007.0378151260504,1267.5546218487395,2131.705882352941,3563.731092436975,4071.7899159663866,4266.563025210084,4443.920168067227,4592.941176470588,4609.819327731092,6062.861344537815,5246.798319327731,5.0
289,2023-03-09T00:00:00.000Z,,,,,,,,,,,,
290,2023-03-14T00:00:00.000Z,890.7352941176471,1163.1596638655462,2103.63025210084,3671.3655462184875,4161.0672268907565,4385.247899159664,4584.743697478992,4826.90756302521,4750.0252100840335,6185.327731092437,5333.76050420168,5.0
291,2023-03-19T00:00:00.000Z,945.3319327731092,1296.6554621848738,2174.781512605042,3642.8823529411766,4178.470588235294,4296.449579831933,4571.64705882353,4518.55462184874,4700.35294117647,6204.575630252101,5604.55462184874,5.0
292,2023-03-24T00:00:00.000Z,1065.563025210084,1319.6134453781513,2278.7899159663866,3845.172268907563,4348.701680672269,4561.533613445378,4744.235294117647,4942.403361344538,4910.172268907563,6340.197478991597,5469.836134453782,5.0
293,2023-03-29T00:00:00.000Z,1020.936974789916,1418.5966386554621,2427.4957983193276,4042.7268907563025,4534.218487394958,4725.542016806723,4971.600840336135,5170.8403361344535,5115.420168067227,6441.403361344538,5677.0672268907565,5.0
294,2023-04-03T00:00:00.000Z,1447.0,1704.8,2724.8,4180.8,4710.2,4864.8,5060.0,5117.6,5194.0,6210.4,5264.4,5.0
295,2023-04-13T00:00:00.000Z,1260.2100840336134,1460.9327731092437,2503.7563025210084,4064.9579831932774,4622.126050420168,4777.726890756303,4955.361344537815,4972.453781512605,5152.172268907563,6526.844537815126,5615.966386554622,5.0
296,2023-04-18T00:00:00.000Z,1056.9117647058824,1412.3697478991596,2353.764705882353,3902.3865546218485,4427.4327731092435,4572.495798319328,4818.4789915966385,4837.428571428572,4930.844537815126,6406.1134453781515,5814.638655462185,5.0
297,2023-04-23T00:00:00.000Z,1035.3487394957983,1302.420168067227,2330.0504201680674,3969.264705882353,4499.752100840336,4699.764705882353,4887.596638655462,5022.53781512605,5039.941176470588,6498.373949579832,5642.516806722689,5.0
298,2023-04-28T00:00:00.000Z,1077.0966386554621,1420.2436974789916,2345.823529411765,3840.1890756302523,4361.83193277311,4440.731092436975,4719.94537815126,4567.428571428572,4837.495798319328,6348.819327731092,5806.516806722689,5.0
299,2023-05-03T00:00:00.000Z,1055.1176470588234,1291.5294117647059,2199.764705882353,3659.2436974789916,4192.8865546218485,4303.252100840336,4481.4327731092435,4390.084033613445,4684.117647058823,6193.306722689075,5382.83193277311,5.0
300,2023-05-13T00:00:00.000Z,1821.1638655462184,2087.218487394958,3079.3865546218485,4570.117647058823,5086.8865546218485,5206.77731092437,5411.0252100840335,5289.27731092437,5680.302521008403,7187.596638655462,6114.0210084033615,5.0
301,2023-05-23T00:00:00.000Z,1125.4957983193278,1323.4117647058824,2275.7394957983192,3674.7436974789916,4185.588235294118,4311.1596638655465,4483.420168067227,4358.72268907563,4699.457983193277,5779.995798319328,4809.73949579832,5.0
302,2023-06-07T00:00:00.000Z,1078.1764705882354,1441.546218487395,2534.6974789915967,4144.096638655462,4744.9789915966385,4909.819327731092,5195.424369747899,5079.680672268908,5277.83193277311,6686.231092436975,6094.323529411765,5.0
303,2023-06-17T00:00:00.000Z,1630.063492063492,1890.6984126984128,2647.063492063492,3873.746031746032,4345.976190476191,4564.31746031746,4899.0317460317465,4715.9682539682535,4954.190476190476,5030.849206349207,4186.507936507936,5.0
304,2023-07-02T00:00:00.000Z,1083.0714285714287,1299.6218487394958,2210.3865546218485,3504.201680672269,4041.0798319327732,4262.516806722689,4441.449579831933,4280.672268907563,4655.22268907563,5885.983193277311,5083.63025210084,5.0
305,2023-07-07T00:00:00.000Z,1040.2731092436975,1356.6218487394958,2295.0672268907565,3705.970588235294,4286.348739495798,4514.310924369748,4814.016806722689,4602.638655462185,4923.899159663865,6255.600840336135,5699.55462184874,5.0
306,2023-07-12T00:00:00.000Z,1099.1764705882354,1311.9915966386554,2311.126050420168,3616.36974789916,4245.970588235294,4615.911764705882,4803.983193277311,4632.285714285715,5018.878151260505,6138.22268907563,5227.5672268907565,5.0
307,2023-07-22T00:00:00.000Z,,,,,,,,,,,,
308,2023-08-16T00:00:00.000Z,777.4527363184079,939.273631840796,1550.8855721393036,1935.9203980099503,2667.6716417910447,3778.2039800995026,4198.293532338308,3951.8905472636816,4309.412935323383,3754.4328358208954,2862.945273631841,4.800995024875622
309,2023-08-31T00:00:00.000Z,648.5168067226891,859.6302521008404,1638.09243697479,2084.2899159663866,2896.6638655462184,3919.22268907563,4196.83193277311,4059.983193277311,4414.6596638655465,3724.6428571428573,2581.714285714286,4.878151260504202
310,2023-09-10T00:00:00.000Z,,,,,,,,,,,,
311,2023-09-20T00:00:00.000Z,864.281512605042,946.4747899159664,1516.4957983193278,1989.9579831932774,2645.638655462185,3325.8487394957983,3565.3025210084033,3434.9495798319326,3727.470588235294,3475.373949579832,2411.0672268907565,5.0
312,2023-09-30T00:00:00.000Z,,,,,,,,,,,,
313,2023-10-05T00:00:00.000Z,1009.4453781512605,1340.90756302521,2137.18487394958,2957.0,3511.4747899159665,4011.781512605042,4382.878151260505,4402.73949579832,4749.306722689075,5155.890756302521,4248.394957983193,5.0
314,2023-10-10T00:00:00.000Z,634.6470588235294,849.7899159663865,1703.3445378151262,2716.424369747899,3409.794117647059,3965.4957983193276,4227.105042016807,4250.491596638655,4607.81512605042,5330.31512605042,4253.231092436975,5.0
315,2023-10-20T00:00:00.000Z,777.3949579831933,989.2352941176471,1744.4453781512605,2806.0084033613443,3463.6470588235293,3861.470588235294,4105.323529411765,4129.243697478992,4359.357142857143,5331.14705882353,4274.0210084033615,5.0
316,2023-10-30T00:00:00.000Z,845.4117647058823,1058.2016806722688,1761.4621848739496,2874.2563025210084,3431.0504201680674,3752.0714285714284,3974.831932773109,4117.638655462185,4213.289915966387,5341.789915966387,4333.680672268908,5.0
317,2023-11-04T00:00:00.000Z,1021.7394957983194,1285.3697478991596,1929.7310924369747,3010.36974789916,3559.8487394957983,3832.8655462184875,4133.588235294118,4207.949579831933,4359.151260504202,5420.264705882353,4489.697478991597,5.0
318,2023-11-09T00:00:00.000Z,1017.4033613445379,1221.6344537815125,1932.9915966386554,3081.9663865546217,3646.0882352941176,3938.075630252101,4167.676470588235,4278.621848739495,4420.1134453781515,5496.991596638655,4419.680672268908,5.0
319,2023-11-14T00:00:00.000Z,803.8991596638656,1116.218487394958,1801.1680672268908,2975.7100840336134,3435.1134453781515,3730.873949579832,3986.1806722689075,4260.626050420168,4199.949579831933,5333.483193277311,4456.90756302521,5.0
320,2023-11-19T00:00:00.000Z,846.4789915966387,1076.7731092436975,1799.3697478991596,2977.844537815126,3530.1050420168067,3799.4201680672268,4020.176470588235,4102.672268907563,4272.579831932773,5511.9747899159665,4458.071428571428,5.0
321,2023-11-29T00:00:00.000Z,817.9579831932773,1048.142857142857,1778.0168067226891,2961.470588235294,3508.3487394957983,3759.1512605042017,3989.575630252101,4081.327731092437,4257.142857142857,5445.155462184874,4366.949579831933,5.0
322,2023-12-14T00:00:00.000Z,1102.4117647058824,1405.7226890756303,2036.1596638655462,3143.9747899159665,3568.705882352941,3828.235294117647,4067.281512605042,4368.050420168067,4265.882352941177,5360.59243697479,4482.0210084033615,5.0
323,2023-12-24T00:00:00.000Z,815.2436974789916,1151.7941176470588,1864.8235294117646,3083.9285714285716,3524.8991596638657,3775.0042016806724,4016.1050420168067,4300.428571428572,4234.882352941177,5394.13025210084,4536.336134453782,5.0
324,2023-12-29T00:00:00.000Z,842.6512605042017,1120.4243697478992,1918.5546218487395,3188.563025210084,3671.3823529411766,3941.415966386555,4156.1134453781515,4465.004201680672,4394.126050420168,5514.36974789916,4407.936974789916,5.0
