date,feature_index,avg(band_0),avg(band_1),avg(band_2),avg(band_3),avg(band_4),avg(band_5),avg(band_6),avg(band_7),avg(band_8),avg(band_9),avg(band_10),avg(band_11)
2021-10-20T00:00:00.000Z,0,905.795918367347,1143.6734693877552,1844.485260770975,2856.707482993197,3507.580498866213,3934.5873015873017,4201.886621315192,4155.3877551020405,4519.335600907029,5526.92970521542,4467.131519274377,5.0
2019-02-13T00:00:00.000Z,0,999.4331065759637,1297.6916099773243,2138.0090702947846,3497.548752834467,3925.6326530612246,4138.743764172335,4325.229024943311,4545.9682539682535,4551.367346938776,5963.43537414966,5199.655328798186,5.0
2019-02-18T00:00:00.000Z,0,1193.7142857142858,1537.795918367347,2218.15873015873,3433.4920634920636,3819.4036281179137,4026.7256235827663,4242.0952380952385,4449.5374149659865,4442.580498866213,5928.453514739229,5366.768707482993,5.0
2021-12-14T00:00:00.000Z,0,730.1496598639455,1123.5646258503402,1850.7528344671202,3084.7891156462583,3557.120181405896,3840.5238095238096,4110.666666666667,4317.111111111111,4402.81179138322,5828.97052154195,4971.72335600907,5.0
2021-01-13T00:00:00.000Z,0,771.3083900226758,1070.546485260771,1862.8412698412699,3150.6349206349205,3590.702947845805,3874.5079365079364,4108.850340136054,4463.72335600907,4418.8072562358275,5629.0952380952385,4610.337868480726,5.0
2018-09-11T00:00:00.000Z,0,,,,,,,,,,,,
2018-09-16T00:00:00.000Z,0,,,,,,,,,,,,
2021-11-19T00:00:00.000Z,0,800.5124716553288,1070.4965986394557,1816.0272108843537,2983.9795918367345,3490.6485260770974,3818.4920634920636,4057.249433106576,4271.2267573696145,4357.083900226758,5546.743764172335,4546.306122448979,5.0
2022-05-18T00:00:00.000Z,0,607.8684807256236,1172.1746031746031,2304.9342403628116,3896.4240362811793,4402.857142857143,4558.2154195011335,4791.641723356009,4845.07029478458,5177.371882086168,6442.40589569161,5402.199546485261,5.0
2019-04-09T00:00:00.000Z,0,961.3401360544218,1353.7278911564626,2123.215419501134,3510.2448979591836,3938.689342403628,4090.848072562358,4318.342403628118,4420.8072562358275,4502.136054421769,6112.442176870748,5591.02947845805,5.0
2019-12-20T00:00:00.000Z,0,902.5351473922902,1168.7460317460318,1890.8027210884354,3010.2766439909296,3468.4172335600906,3736.873015873016,3949.108843537415,4200.75283446712,4235.907029478458,5488.165532879819,4552.167800453515,5.0
2022-02-12T00:00:00.000Z,0,1117.6893424036282,1470.1451247165533,2119.8321995464853,3338.222222222222,3766.0,3991.9909297052154,4226.571428571428,4481.251700680272,4453.337868480726,5830.34693877551,5106.551020408163,5.0
2021-02-22T00:00:00.000Z,0,1016.031746031746,1297.3650793650793,2065.0975056689344,3362.061224489796,3790.439909297052,4028.485260770975,4242.426303854875,4531.111111111111,4519.292517006803,5836.530612244898,4883.045351473923,5.0
2019-11-10T00:00:00.000Z,0,833.0,1062.7755102040817,1759.655328798186,2749.092970521542,3334.2267573696145,3757.0521541950116,3997.501133786848,4098.918367346939,4270.9569160997735,5297.0544217687075,4319.557823129252,5.0
2020-04-18T00:00:00.000Z,0,1279.7097505668935,1556.9024943310658,2298.59410430839,3521.0657596371884,3985.0158730158732,4110.766439909297,4307.473922902494,4354.766439909297,4553.548752834467,6084.281179138322,5233.517006802721,5.0
2021-03-09T00:00:00.000Z,0,937.8412698412699,1300.7619047619048,1992.6757369614513,3252.893424036281,3659.419501133787,3877.643990929705,4121.149659863946,4362.716553287982,4381.641723356009,5879.798185941043,5136.7959183673465,5.0
2019-03-30T00:00:00.000Z,0,974.2290249433106,1364.8934240362812,2153.324263038549,3588.090702947846,4007.8979591836733,4171.28798185941,4401.045351473923,4573.02947845805,4594.743764172335,6218.068027210885,5703.566893424037,5.0
2022-01-23T00:00:00.000Z,0,732.578231292517,1151.4104308390022,1948.4784580498865,3285.591836734694,3674.4807256235827,3932.956916099773,4162.859410430839,4494.269841269841,4423.0430839002265,5779.442176870748,5016.886621315192,5.0
2019-05-19T00:00:00.000Z,0,1014.8367346938776,1413.4648526077096,2258.8072562358275,3768.9795918367345,4267.385487528345,4350.369614512471,4646.768707482993,4469.7959183673465,4817.052154195011,6515.344671201814,6018.643990929705,5.0
2019-12-30T00:00:00.000Z,0,707.9024943310658,1018.2879818594105,1812.1836734693877,3056.6281179138323,3495.6462585034014,3758.439909297052,3970.4784580498867,4254.460317460317,4246.251700680272,5576.820861678005,4671.383219954649,5.0
2023-11-19T00:00:00.000Z,0,934.358276643991,1206.671201814059,1983.0294784580499,3327.421768707483,3863.1337868480728,4087.8639455782313,4307.825396825397,4337.478458049886,4547.179138321995,6052.165532879819,5250.460317460317,5.0
2021-06-27T00:00:00.000Z,0,983.7482993197278,1388.6122448979593,2225.9637188208617,3616.5759637188207,4125.814058956916,4282.49433106576,4572.555555555556,4406.263038548753,4722.501133786848,6311.746031746032,5807.789115646258,5.0
2019-10-06T00:00:00.000Z,0,,,,,,,,,,,,
2020-03-29T00:00:00.000Z,0,1136.1065759637188,1417.5555555555557,2166.6485260770974,3436.5578231292516,3866.156462585034,4045.3832199546487,4247.061224489796,4410.780045351474,4502.274376417234,5981.165532879819,5131.925170068027,5.0
2019-07-13T00:00:00.000Z,0,,,,,,,,,,,,
2019-03-20T00:00:00.000Z,0,1473.6349206349207,1800.7891156462586,2359.3015873015875,3362.0,3738.9795918367345,3874.0521541950116,4094.904761904762,4164.4399092970525,4280.575963718821,5833.578231292517,5305.553287981859,5.0
2019-03-25T00:00:00.000Z,0,1199.2902494331065,1519.8185941043084,2259.0793650793653,3511.8004535147393,3934.4285714285716,4107.004535147393,4299.9047619047615,4450.557823129252,4527.299319727891,5936.791383219955,5200.106575963719,5.0
2020-02-08T00:00:00.000Z,0,1013.3061224489796,1290.5578231292518,2047.9274376417234,3273.8049886621316,3703.281179138322,3914.1292517006805,4110.140589569161,4351.9410430839,4364.512471655329,5720.319727891157,4830.981859410431,5.0
2021-12-09T00:00:00.000Z,0,818.1995464852607,1113.734693877551,1892.2539682539682,3117.2108843537417,3579.8820861678005,3877.204081632653,4104.7324263038545,4399.369614512471,4395.621315192744,5569.766439909297,4582.678004535147,5.0
2018-01-09T00:00:00.000Z,0,902.0544217687075,1142.249433106576,1935.827664399093,3197.1337868480728,3603.5759637188207,3832.2426303854877,4039.802721088435,4326.829931972789,4311.850340136054,5659.342403628118,4766.50566893424,5.0
2018-02-08T00:00:00.000Z,0,876.8299319727892,1180.2902494331065,1978.0408163265306,3275.514739229025,3672.0226757369614,3883.1609977324265,4090.3174603174602,4389.183673469388,4360.072562358277,5794.342403628118,4932.514739229025,5.0
2018-02-23T00:00:00.000Z,0,862.342403628118,1221.1337868480725,1886.1496598639455,3054.140589569161,3493.0680272108843,3609.40589569161,3891.1882086167802,3820.3038548752834,4145.521541950114,5741.630385487529,5085.616780045351,5.0
2018-03-05T00:00:00.000Z,0,863.4399092970522,1252.6462585034014,2028.4036281179137,3390.8072562358275,3832.0544217687075,3989.1496598639455,4219.374149659864,4361.238095238095,4433.7845804988665,6038.315192743764,5403.965986394558,5.0
2018-04-19T00:00:00.000Z,0,1009.1201814058957,1302.9433106575964,2098.702947845805,3474.0272108843537,3923.5238095238096,4079.834467120181,4276.557823129252,4433.50566893424,4515.918367346939,6081.555555555556,5297.419501133787,5.0
2018-04-29T00:00:00.000Z,0,1033.9977324263039,1332.6213151927439,2162.5759637188207,3557.814058956916,4037.233560090703,4170.126984126984,4361.551020408163,4421.3650793650795,4592.115646258503,6153.9795918367345,5426.818594104308,5.0
2018-10-21T00:00:00.000Z,0,778.0181405895692,1135.3877551020407,1902.4580498866212,3033.061224489796,3619.1746031746034,4178.868480725623,4477.14739229025,4607.482993197279,4673.7959183673465,5641.319727891157,4945.693877551021,5.0
2020-02-28T00:00:00.000Z,0,1376.5056689342405,1593.265306122449,2228.077097505669,3300.8571428571427,3721.018140589569,3895.1950113378684,4081.401360544218,4240.122448979592,4331.120181405896,5735.770975056689,4876.965986394558,5.0
2020-04-03T00:00:00.000Z,0,954.4875283446712,1347.061224489796,2097.297052154195,3453.7414965986395,3879.496598639456,4043.7868480725624,4280.596371882086,4446.897959183673,4516.285714285715,6132.8231292517,5485.988662131519,5.0
2020-09-25T00:00:00.000Z,0,1129.4195011337868,1285.3968253968253,1912.734693877551,2541.705215419501,3239.1337868480728,4036.4875283446713,4338.24716553288,4201.378684807256,4582.646258503401,4956.124716553288,4009.3151927437643,5.0
2020-09-30T00:00:00.000Z,0,791.6553287981859,1101.8367346938776,1802.331065759637,2616.848072562358,3324.4036281179137,4056.4603174603176,4448.650793650793,4253.950113378684,4675.514739229025,5305.034013605442,4501.9410430839,4.981859410430839
2020-10-20T00:00:00.000Z,0,709.9274376417234,1030.37641723356,1740.0136054421769,2636.253968253968,3340.1156462585036,3965.253968253968,4295.1768707483,4242.272108843537,4515.278911564626,5298.589569160998,4431.238095238095,5.0
2020-11-24T00:00:00.000Z,0,704.6893424036281,976.7664399092971,1736.5941043083901,2837.503401360544,3416.843537414966,3785.0680272108843,4025.496598639456,4241.721088435374,4335.482993197279,5394.802721088436,4365.92970521542,5.0
2022-11-19T00:00:00.000Z,0,730.764172335601,1116.2857142857142,1797.7913832199547,2907.687074829932,3434.297052154195,3772.165532879819,4045.7913832199547,4177.183673469388,4290.088435374149,5483.183673469388,4730.312925170068,5.0
2022-11-29T00:00:00.000Z,0,735.7981859410431,1105.9251700680272,1803.750566893424,2953.7800453514737,3437.668934240363,3770.5124716553287,4017.9523809523807,4237.027210884354,4258.886621315192,5512.687074829932,4783.106575963719,5.0
2022-12-04T00:00:00.000Z,0,706.5419501133787,983.7097505668934,1685.968253968254,2793.1496598639455,3317.9977324263036,3601.943310657596,3827.471655328798,3885.0045351473923,4092.419501133787,5460.7959183673465,4617.6235827664395,5.0
2023-01-03T00:00:00.000Z,0,1080.700680272109,1375.4829931972788,2137.9138321995465,3342.3922902494332,3819.437641723356,4067.9002267573696,4270.650793650793,4493.378684807256,4509.331065759638,5697.827664399093,4775.873015873016,5.0
2023-01-08T00:00:00.000Z,0,700.6689342403628,1079.1337868480725,1788.4943310657595,3026.9727891156463,3461.2312925170068,3703.91156462585,3934.469387755102,4145.140589569161,4171.72335600907,5606.931972789115,4979.269841269841,5.0
2023-02-17T00:00:00.000Z,0,1787.734693877551,2171.732426303855,2763.6643990929706,3825.777777777778,4225.938775510204,4395.120181405896,4592.990929705215,4820.707482993197,4748.126984126984,5977.689342403628,5261.8072562358275,5.0
2023-03-24T00:00:00.000Z,0,897.7165532879818,1209.6167800453516,2025.4149659863945,3474.1020408163267,3937.482993197279,4133.374149659864,4338.1927437641725,4536.961451247165,4562.854875283447,6100.297052154195,5263.283446712018,5.0
2023-04-28T00:00:00.000Z,0,942.4081632653061,1350.5646258503402,2154.439909297052,3585.1337868480728,4077.922902494331,4168.995464852607,4448.31746031746,4363.90022675737,4651.167800453515,6257.403628117914,5721.285714285715,5.0
2023-07-07T00:00:00.000Z,0,954.2789115646259,1366.5260770975058,2231.3333333333335,3694.705215419501,4235.650793650793,4415.21768707483,4711.351473922902,4534.403628117914,4872.362811791383,6421.8231292517,5960.1927437641725,5.0
2019-11-05T00:00:00.000Z,0,745.6009070294784,1070.5034013605443,1744.2721088435374,2718.879818594104,3262.482993197279,3745.106575963719,4009.9614512471653,4197.655328798186,4257.764172335601,5302.083900226758,4474.308390022676,5.0
2020-04-13T00:00:00.000Z,0,1339.2267573696145,1670.3401360544217,2292.6031746031745,3423.374149659864,3825.560090702948,3958.2199546485263,4186.18820861678,4280.59410430839,4390.353741496599,5937.324263038548,5348.829931972789,5.0
2021-01-23T00:00:00.000Z,0,816.2176870748299,1110.2108843537414,1886.1179138321995,3141.5873015873017,3581.5124716553287,3845.312925170068,4072.7278911564626,4378.743764172335,4375.036281179138,5600.72335600907,4605.925170068027,5.0
2021-10-15T00:00:00.000Z,0,779.4172335600907,1126.2086167800453,1835.2154195011337,2902.718820861678,3529.2267573696145,3995.6213151927436,4307.7959183673465,4390.063492063492,4556.621315192744,5615.0952380952385,4721.487528344671,5.0
2020-10-30T00:00:00.000Z,0,706.5283446712018,1044.5555555555557,1765.2244897959183,2741.4943310657595,3388.4739229024945,3969.24716553288,4246.85260770975,4414.655328798186,4486.410430839002,5301.786848072562,4428.7097505668935,5.0
2022-06-22T00:00:00.000Z,0,734.1043083900227,1248.2789115646258,2191.344671201814,3734.0680272108843,4209.657596371882,4337.643990929705,4615.07029478458,4556.988662131519,4840.501133786848,6353.655328798186,5780.81179138322,5.0
2019-12-05T00:00:00.000Z,0,703.1179138321995,1074.8208616780046,1797.936507936508,2968.62358276644,3409.5374149659865,3762.4444444444443,4005.37641723356,4352.886621315192,4279.684807256236,5572.934240362812,4744.829931972789,5.0
2021-07-12T00:00:00.000Z,0,1069.8185941043084,1327.7278911564626,2116.798185941043,3378.2244897959185,3916.1360544217687,4158.913832199546,4366.997732426304,4201.401360544218,4599.71201814059,5985.102040816327,5156.231292517007,5.0
2022-03-09T00:00:00.000Z,0,784.6553287981859,1195.2380952380952,2102.3809523809523,3552.0022675736964,4075.292517006803,4277.995464852607,4508.609977324263,4648.925170068027,4766.780045351474,6185.115646258503,5187.242630385487,5.0
2022-03-14T00:00:00.000Z,0,1183.077097505669,1676.3401360544217,2448.2721088435374,3736.8707482993195,4202.902494331066,4376.523809523809,4635.426303854875,4783.691609977324,4845.403628117914,6187.238095238095,5363.920634920635,5.0
2020-05-18T00:00:00.000Z,0,930.764172335601,1208.8820861678005,2017.7369614512472,3466.9659863945576,3985.312925170068,4114.09977324263,4326.725623582766,4238.8707482993195,4573.39455782313,6261.689342403628,5510.859410430839,5.0
2022-09-25T00:00:00.000Z,0,833.1791383219954,1144.5646258503402,1920.2380952380952,2939.260770975057,3616.2698412698414,4221.866213151928,4502.2154195011335,4431.678004535147,4789.641723356009,5621.294784580499,4605.340136054422,5.0
2021-11-14T00:00:00.000Z,0,681.1269841269841,1055.3492063492063,1759.437641723356,2907.875283446712,3410.344671201814,3736.9523809523807,4008.5102040816328,4203.108843537415,4301.272108843537,5591.299319727891,4752.1768707483,5.0
2020-12-14T00:00:00.000Z,0,671.1859410430839,953.734693877551,1708.485260770975,2883.5759637188207,3406.285714285714,3706.0476190476193,3949.2834467120183,4170.519274376417,4270.6235827664395,5438.510204081633,4415.065759637188,5.0
2019-04-04T00:00:00.000Z,0,1064.8866213151928,1351.9274376417234,2145.5691609977325,3510.848072562358,3997.950113378685,4134.666666666667,4329.578231292517,4363.863945578231,4557.965986394558,6173.619047619048,5427.859410430839,5.0
2019-12-15T00:00:00.000Z,0,672.8412698412699,1051.8458049886622,1772.6122448979593,2939.312925170068,3380.630385487528,3677.8253968253966,3915.532879818594,4171.625850340136,4172.845804988662,5506.009070294785,4723.832199546485,5.0
2020-11-29T00:00:00.000Z,0,699.1020408163265,1036.3968253968253,1695.3106575963718,2751.120181405896,3288.4172335600906,3611.9342403628116,3890.5056689342405,4033.8684807256236,4187.977324263038,5384.321995464853,4543.786848072562,5.0
2020-02-18T00:00:00.000Z,0,1109.81179138322,1366.267573696145,2092.4761904761904,3326.090702947846,3754.7551020408164,3957.8185941043084,4153.922902494331,4382.362811791383,4416.199546485261,5812.047619047619,4944.349206349207,5.0
2018-11-10T00:00:00.000Z,0,,,,,,,,,,,,
2018-12-25T00:00:00.000Z,0,1288.2086167800453,1523.5056689342405,2240.3809523809523,3381.0839002267576,3814.310657596372,4061.1927437641725,4254.5600907029475,4500.952380952381,4480.777777777777,5664.757369614513,4872.222222222223,5.0
2019-06-18T00:00:00.000Z,0,1007.8684807256236,1410.5986394557824,2274.21768707483,3761.5442176870747,4264.451247165533,4379.179138321995,4641.399092970521,4484.902494331066,4772.936507936508,6482.911564625851,6079.0544217687075,5.0
2019-02-28T00:00:00.000Z,0,903.4920634920635,1296.5804988662132,2064.53514739229,3402.2312925170068,3821.986394557823,4010.6848072562357,4240.850340136054,4379.696145124716,4449.909297052154,6099.746031746032,5550.555555555556,5.0
2020-01-14T00:00:00.000Z,0,721.7301587301587,1101.6258503401361,1787.392290249433,2959.0725623582766,3371.201814058957,3606.401360544218,3833.061224489796,4040.6031746031745,4095.0544217687075,5571.532879818594,4876.7732426303855,5.0
2022-07-12T00:00:00.000Z,0,724.5374149659864,1228.7619047619048,2154.3492063492063,3628.7551020408164,4105.049886621316,4308.800453514739,4625.113378684808,4573.65306122449,4947.131519274377,6452.260770975056,5854.843537414966,5.0
2019-09-26T00:00:00.000Z,0,1003.2494331065759,1265.2562358276643,1828.5215419501135,2430.0861678004535,3084.3832199546487,3852.7687074829932,4239.408163265306,4105.179138321995,4447.229024943311,4689.947845804989,3845.233560090703,5.0
2020-03-14T00:00:00.000Z,0,1255.5714285714287,1605.0748299319728,2254.9297052154193,3396.299319727891,3773.1632653061224,3946.126984126984,4163.655328798186,4361.006802721088,4381.047619047619,5845.201814058957,5193.122448979592,5.0
2021-04-03T00:00:00.000Z,0,1077.4444444444443,1372.6893424036282,2157.6190476190477,3503.024943310658,3935.981859410431,4158.541950113378,4373.213151927438,4662.943310657596,4637.408163265306,6034.009070294785,5112.498866213152,5.0
2019-05-14T00:00:00.000Z,0,1021.9206349206349,1314.0,2152.253968253968,3550.6213151927436,4056.5260770975055,4167.310657596372,4365.657596371882,4220.557823129252,4591.793650793651,6243.628117913832,5573.546485260771,5.0
2020-12-24T00:00:00.000Z,0,693.5895691609977,979.8616780045352,1724.3854875283446,2882.501133786848,3379.374149659864,3667.5873015873017,3904.285714285714,4102.839002267574,4221.0952380952385,5440.954648526077,4444.433106575963,5.0
2021-06-22T00:00:00.000Z,0,1420.560090702948,1526.512471655329,2466.4897959183672,4083.904761904762,4697.539682539683,4885.671201814059,5116.702947845805,4902.938775510204,5400.664399092971,7112.75283446712,6114.040816326531,5.0
2018-10-06T00:00:00.000Z,0,824.0612244897959,1018.6439909297052,1712.907029478458,2628.2902494331065,3238.6666666666665,3794.8390022675735,4057.609977324263,3857.170068027211,4292.897959183673,4964.068027210885,4113.931972789115,5.0
2021-01-28T00:00:00.000Z,0,772.8934240362812,1156.5555555555557,1860.7120181405896,3086.4104308390024,3490.437641723356,3745.408163265306,3980.8526077097504,4290.916099773242,4259.678004535147,5613.648526077098,4802.104308390023,5.0
2019-01-04T00:00:00.000Z,0,1047.0725623582766,1307.077097505669,2083.3922902494332,3331.120181405896,3765.3809523809523,4008.8208616780043,4206.358276643991,4441.102040816327,4437.340136054422,5747.755102040816,4989.28798185941,5.0
2020-02-23T00:00:00.000Z,0,845.4671201814059,1220.8231292517007,1922.952380952381,3166.1133786848072,3580.6077097505668,3779.766439909297,4019.408163265306,4175.428571428572,4264.673469387755,5868.283446712018,5224.834467120181,5.0
2019-02-08T00:00:00.000Z,0,828.6054421768707,1236.655328798186,2063.0975056689344,3442.573696145125,3834.4353741496598,4064.08843537415,4274.478458049886,4529.818594104308,4479.632653061224,5949.585034013606,5370.766439909297,5.0
2021-03-29T00:00:00.000Z,0,2264.451247165533,2591.4784580498867,3058.281179138322,3870.394557823129,4200.283446712018,4320.90022675737,4507.253968253968,4698.149659863946,4663.700680272109,5821.349206349207,5102.927437641723,6.45124716553288
2021-01-18T00:00:00.000Z,0,709.5918367346939,1105.9727891156463,1842.748299319728,3104.437641723356,3540.7687074829932,3794.0340136054424,4046.0022675736964,4321.512471655329,4326.086167800454,5660.006802721088,4828.7732426303855,5.0
2022-01-18T00:00:00.000Z,0,785.734693877551,1107.4625850340135,1934.766439909297,3268.458049886621,3683.834467120181,3945.2244897959185,4161.553287981859,4508.696145124716,4444.705215419501,5689.748299319728,4741.625850340136,5.0
2021-09-30T00:00:00.000Z,0,749.7460317460317,997.4671201814059,1771.1950113378684,2675.84126984127,3414.40589569161,4125.541950113378,4415.260770975056,4271.260770975056,4702.3650793650795,5356.7845804988665,4337.208616780045,4.931972789115647
2022-02-07T00:00:00.000Z,0,962.6757369614512,1298.8843537414966,2071.265306122449,3347.936507936508,3818.7482993197277,4041.7278911564626,4258.895691609977,4475.646258503401,4536.820861678005,5848.210884353742,4881.233560090703,5.0
2019-10-16T00:00:00.000Z,0,767.063492063492,1085.4807256235827,1752.5941043083901,2636.0839002267576,3252.253968253968,3809.3151927437643,4136.666666666667,4044.770975056689,4347.476190476191,5253.385487528345,4431.814058956916,5.0
2019-11-15T00:00:00.000Z,0,712.6077097505669,1053.9591836734694,1728.1451247165533,2730.421768707483,3271.1428571428573,3655.0725623582766,3934.263038548753,4026.1678004535147,4189.902494331066,5368.02947845805,4553.700680272109,5.0
2020-04-28T00:00:00.000Z,0,1154.9002267573696,1420.4308390022675,2158.784580498866,3413.3469387755104,3884.687074829932,4008.5192743764173,4221.02947845805,4181.800453514739,4471.0,5937.56462585034,5104.4399092970525,5.0
2020-12-09T00:00:00.000Z,0,602.5124716553288,983.6643990929705,1700.0340136054422,2854.9954648526077,3352.4807256235827,3662.433106575964,3932.3492063492063,4125.687074829932,4221.013605442177,5487.46485260771,4646.235827664399,5.0
2021-12-24T00:00:00.000Z,0,697.3990929705216,1088.3492063492063,1822.1678004535147,3054.0272108843537,3502.0997732426304,3746.3015873015875,4002.5442176870747,4178.310657596372,4262.9795918367345,5628.532879818594,4877.7959183673465,5.0
2022-05-13T00:00:00.000Z,0,829.3492063492064,1330.6439909297053,2205.360544217687,3689.687074829932,4181.766439909297,4300.56462585034,4609.460317460317,4566.947845804989,4884.875283446712,6323.8820861678005,5643.002267573696,5.0
2022-09-05T00:00:00.000Z,0,687.3628117913833,991.6734693877551,1820.0045351473923,2749.8117913832198,3404.3718820861677,4240.428571428572,4577.662131519274,4480.269841269841,4936.047619047619,5461.260770975056,4421.510204081633,5.0
2021-02-17T00:00:00.000Z,0,1375.6530612244899,1746.0498866213152,2385.877551020408,3393.433106575964,3770.1337868480728,3961.1882086167802,4183.138321995465,4369.986394557823,4404.555555555556,5646.897959183673,4889.959183673469,5.0
2022-04-13T00:00:00.000Z,0,764.7120181405895,1324.2698412698412,2246.2902494331065,3755.8707482993195,4295.741496598639,4423.739229024944,4747.086167800454,4703.800453514739,4975.988662131519,6401.804988662131,5588.3877551020405,5.0
2019-09-21T00:00:00.000Z,0,839.8684807256236,1022.8299319727892,1701.0702947845805,2337.6145124716554,3089.337868480726,4007.408163265306,4325.981859410431,4174.938775510204,4586.845804988662,4744.0952380952385,3751.8004535147393,4.938775510204081
2020-03-09T00:00:00.000Z,0,964.7074829931972,1256.0498866213152,2030.0181405895692,3338.2086167800453,3769.981859410431,3966.907029478458,4173.0430839002265,4373.3877551020405,4434.743764172335,5929.950113378684,5068.0430839002265,5.0
2020-11-14T00:00:00.000Z,0,895.4580498866213,1120.843537414966,1814.2857142857142,2772.1768707482993,3405.5260770975055,3819.9591836734694,4062.770975056689,4200.240362811792,4364.451247165533,5263.598639455782,4220.875283446712,5.0
2022-10-10T00:00:00.000Z,0,667.546485260771,1121.5963718820863,1912.140589569161,2955.061224489796,3543.0975056689344,4044.106575963719,4392.707482993197,4374.748299319728,4724.4399092970525,5585.755102040816,4767.455782312925,5.0
2022-10-25T00:00:00.000Z,0,686.795918367347,1029.6621315192745,1858.3356009070294,2930.3718820861677,3602.9841269841268,4119.707482993197,4382.045351473923,4414.684807256236,4650.158730158731,5585.251700680272,4535.7845804988665,5.0
2020-11-04T00:00:00.000Z,0,993.2834467120182,1186.687074829932,1848.6258503401361,2727.120181405896,3397.1292517006805,3897.673469387755,4148.829931972789,4238.517006802721,4436.39455782313,5183.501133786848,4143.920634920635,5.0
2019-06-28T00:00:00.000Z,0,1030.8662131519275,1436.8072562358277,2281.369614512472,3681.2834467120183,4209.78231292517,4389.09977324263,4676.235827664399,4445.3650793650795,4809.573696145125,6380.142857142857,5894.879818594104,5.0
2020-01-24T00:00:00.000Z,0,947.8095238095239,1323.7573696145125,2038.2086167800453,3259.2879818594106,3639.671201814059,3888.7437641723354,4110.81179138322,4410.902494331066,4359.60544217687,5734.403628117914,4990.251700680272,5.0
2020-02-13T00:00:00.000Z,0,,,,,,,,,,,,
2021-11-29T00:00:00.000Z,0,780.2607709750567,1074.8208616780046,1854.9659863945578,3086.548752834467,3569.639455782313,3893.265306122449,4128.18820861678,4424.770975056689,4434.265306122449,5613.074829931973,4605.210884353742,5.0
2019-12-10T00:00:00.000Z,0,856.2403628117913,1111.9274376417234,1825.3197278911564,2942.988662131519,3406.3219954648525,3718.734693877551,3940.3061224489797,4243.56462585034,4228.274376417234,5430.038548752835,4465.455782312925,5.0
2019-09-11T00:00:00.000Z,0,909.1179138321995,1085.7528344671202,1760.5260770975058,2372.0793650793653,3106.4784580498867,4168.736961451247,4526.68253968254,4330.0544217687075,4771.609977324263,4818.278911564626,3811.3492063492063,4.929705215419501
2020-03-04T00:00:00.000Z,0,1169.4580498866212,1502.5804988662132,2143.0975056689344,3307.4875283446713,3691.126984126984,3887.5510204081634,4105.074829931973,4338.040816326531,4336.258503401361,5838.4625850340135,5146.489795918367,5.0
2021-02-27T00:00:00.000Z,0,1584.8843537414966,1888.8526077097506,2401.904761904762,3356.126984126984,3728.7619047619046,3915.437641723356,4143.27664399093,4324.172335600907,4369.7845804988665,5743.004535147393,4989.086167800454,5.0
2021-01-03T00:00:00.000Z,0,678.0680272108843,985.5147392290249,1769.1678004535147,3012.249433106576,3495.5442176870747,3764.4240362811793,3995.5396825396824,4233.664399092971,4303.748299319728,5549.324263038548,4539.9047619047615,5.0
2021-07-07T00:00:00.000Z,0,956.6802721088435,1328.4263038548752,2100.639455782313,3383.2063492063494,3863.281179138322,4035.437641723356,4326.038548752835,4186.1768707483,4501.498866213152,6083.424036281179,5539.485260770975,5.0
2022-02-22T00:00:00.000Z,0,915.3083900226758,1343.3424036281178,2120.503401360544,3514.154195011338,3920.702947845805,4163.741496598639,4399.458049886622,4752.507936507936,4641.408163265306,5990.3764172335605,5233.428571428572,5.0
2019-06-13T00:00:00.000Z,0,1225.7369614512472,1547.437641723356,2510.185941043084,4149.691609977324,4731.60544217687,4880.14739229025,5082.351473922902,4866.507936507936,5306.458049886622,6950.081632653061,6202.43537414966,5.0
2020-01-09T00:00:00.000Z,0,859.031746031746,1099.6938775510205,1714.8526077097506,2700.9523809523807,3137.1156462585036,3341.909297052154,3547.766439909297,3619.4149659863947,3831.8321995464853,5301.775510204082,4520.022675736962,5.0
2022-01-28T00:00:00.000Z,0,1274.9251700680272,1491.2562358276643,2099.6598639455783,3191.4739229024945,3630.2517006802723,3840.5555555555557,4051.3537414965986,4238.385487528345,4309.0204081632655,5597.571428571428,4735.841269841269,5.0
2022-02-17T00:00:00.000Z,0,959.546485260771,1244.204081632653,1965.655328798186,3264.91156462585,3725.91156462585,3947.591836734694,4169.9410430839,4393.487528344671,4437.3764172335605,5885.458049886622,5017.489795918367,5.0
2019-11-30T00:00:00.000Z,0,706.7301587301587,998.4149659863946,1769.8004535147393,2923.7732426303855,3437.2403628117913,3757.1678004535147,3982.91156462585,4177.972789115646,4264.616780045351,5500.061224489796,4527.902494331066,5.0
2018-01-14T00:00:00.000Z,0,859.5124716553288,1236.952380952381,1940.1859410430839,3130.625850340136,3465.126984126984,3695.358276643991,3900.9931972789113,4234.739229024944,4143.5374149659865,5378.410430839002,4678.668934240362,5.0
2020-05-08T00:00:00.000Z,0,1085.8072562358277,1381.5827664399094,2223.2879818594106,3632.7619047619046,4150.303854875284,4247.761904761905,4444.714285714285,4361.614512471655,4672.113378684808,6305.981859410431,5584.489795918367,5.0
2021-02-02T00:00:00.000Z,0,800.1972789115646,1109.077097505669,1907.142857142857,3239.8049886621316,3655.3469387755104,3916.8956916099773,4148.088435374149,4502.553287981859,4445.938775510204,5712.183673469388,4709.492063492064,5.0
2018-02-28T00:00:00.000Z,0,940.4353741496599,1245.544217687075,2049.024943310658,3374.063492063492,3845.4943310657595,3989.0521541950116,4201.163265306122,4266.154195011338,4464.170068027211,5947.539682539683,5108.482993197279,5.0
2018-05-14T00:00:00.000Z,0,991.4489795918367,1342.6303854875284,2066.172335600907,3336.4625850340135,3771.3809523809523,3873.9206349206347,4159.755102040816,3992.3038548752834,4357.083900226758,5916.303854875284,5320.927437641723,5.0
2019-11-20T00:00:00.000Z,0,745.0272108843537,1007.3922902494331,1745.3219954648525,2811.7573696145123,3356.3537414965986,3716.5374149659865,3947.7233560090704,4121.519274376417,4240.428571428572,5411.959183673469,4437.122448979592,5.0
2018-05-19T00:00:00.000Z,0,1052.62358276644,1334.063492063492,2119.891156462585,3448.5532879818593,3927.909297052154,4048.4126984126983,4241.369614512471,4207.038548752835,4464.993197278912,6043.854875283447,5315.909297052154,5.0
2018-06-18T00:00:00.000Z,0,1140.1020408163265,1452.1814058956916,2282.562358276644,3584.6802721088434,4034.922902494331,4134.056689342404,4317.582766439909,4191.07029478458,4524.9455782312925,6116.0430839002265,5412.718820861678,5.0
2019-03-05T00:00:00.000Z,0,1071.4013605442176,1354.6122448979593,2144.049886621315,3472.390022675737,3922.063492063492,4112.548752834467,4308.607709750567,4461.414965986394,4546.0,6080.27664399093,5305.106575963719,5.0
2018-07-13T00:00:00.000Z,0,1075.888888888889,1446.5668934240364,2272.816326530612,3657.092970521542,4123.378684807256,4252.185941043084,4533.201814058957,4365.061224489796,4673.802721088436,6282.172335600907,5880.312925170068,5.0
2019-07-03T00:00:00.000Z,0,1196.9954648526077,1490.6575963718822,2345.809523809524,3609.8185941043084,4170.804988662131,4479.716553287982,4687.97052154195,4475.14739229025,4878.528344671202,6200.390022675737,5398.791383219955,5.0
2019-03-15T00:00:00.000Z,0,1336.5668934240364,1591.2426303854875,2282.253968253968,3417.337868480726,3847.637188208617,4000.3514739229026,4183.727891156463,4271.274376417234,4404.131519274377,5905.671201814059,5150.065759637188,5.0
2018-09-21T00:00:00.000Z,0,789.5578231292517,1101.1609977324263,1798.6031746031747,2706.0226757369614,3336.702947845805,4133.433106575963,4554.485260770975,4363.569160997732,4742.419501133787,5437.59410430839,4711.596371882086,4.993197278911564
2020-01-29T00:00:00.000Z,0,857.204081632653,1174.111111111111,1984.3900226757369,3293.639455782313,3708.5646258503402,3944.873015873016,4149.879818594104,4451.641723356009,4422.777777777777,5749.392290249433,4861.553287981859,5.0
2020-05-03T00:00:00.000Z,0,1050.421768707483,1423.233560090703,2154.3854875283446,3433.337868480726,3892.548752834467,3995.1473922902496,4266.281179138322,4192.149659863946,4474.591836734694,6071.71201814059,5474.931972789115,5.0
2018-10-31T00:00:00.000Z,0,782.2970521541951,1147.9659863945578,1895.9773242630386,3042.408163265306,3605.46485260771,4033.3219954648525,4327.598639455782,4372.308390022676,4531.326530612245,5672.417233560091,4987.6349206349205,5.0
2020-12-04T00:00:00.000Z,0,703.437641723356,972.0249433106576,1716.204081632653,2855.1882086167802,3414.9614512471653,3733.1746031746034,3974.3174603174602,4143.489795918367,4270.337868480726,5426.102040816327,4410.455782312925,5.0
2022-05-28T00:00:00.000Z,0,813.1201814058957,1231.6734693877552,2224.612244897959,3797.4308390022675,4317.321995464853,4456.380952380952,4682.0544217687075,4647.845804988662,5001.9682539682535,6434.480725623583,5526.716553287982,5.0
2018-12-05T00:00:00.000Z,0,734.5986394557823,1033.6666666666667,1841.8639455782313,3087.5555555555557,3560.453514739229,3840.7414965986395,4053.4036281179137,4203.718820861678,4311.580498866213,5660.56462585034,4927.868480725623,5.0
2018-12-10T00:00:00.000Z,0,698.4897959183673,1103.5056689342405,1913.795918367347,3216.2131519274376,3640.1043083900227,3922.3650793650795,4136.877551020408,4407.7097505668935,4359.163265306122,5732.181405895692,5143.988662131519,5.0
2019-08-17T00:00:00.000Z,0,735.7664399092971,1021.9637188208617,1702.1950113378684,2469.6077097505668,3095.045351473923,4101.167800453515,4575.219954648526,4334.185941043084,4713.49433106576,4658.049886621316,3697.1111111111113,4.886621315192744
2019-01-14T00:00:00.000Z,0,935.8843537414966,1242.6145124716554,2052.816326530612,3324.746031746032,3746.5079365079364,3975.3990929705215,4167.1768707483,4390.65306122449,4398.777777777777,5717.4399092970525,4955.421768707483,5.0
2019-01-24T00:00:00.000Z,0,761.156462585034,1065.8526077097506,1881.1201814058957,3193.909297052154,3623.630385487528,3846.263038548753,4042.106575963719,4243.040816326531,4282.390022675737,5744.319727891157,5018.884353741497,5.0
2023-12-24T00:00:00.000Z,0,888.0952380952381,1255.0566893424036,2019.764172335601,3388.673469387755,3804.374149659864,4028.3786848072564,4245.705215419501,4498.50566893424,4451.27664399093,5864.14739229025,5325.650793650793,5.0
2019-06-03T00:00:00.000Z,0,979.6190476190476,1290.6598639455783,2215.0340136054424,3817.3219954648525,4379.56462585034,4488.569160997732,4671.866213151928,4478.358276643991,4897.931972789115,6623.512471655329,5964.616780045351,5.0
2019-06-23T00:00:00.000Z,0,1100.4603174603174,1398.7437641723357,2289.1882086167802,3691.7732426303855,4227.741496598639,4411.455782312925,4583.419501133787,4469.68253968254,4741.065759637188,5994.56462585034,5191.517006802721,5.0
2020-01-04T00:00:00.000Z,0,989.6507936507936,1365.092970521542,2061.809523809524,3179.668934240363,3575.7755102040815,3832.4467120181407,4046.2086167800453,4318.108843537415,4292.598639455782,5559.285714285715,4798.285714285715,5.0
2020-01-19T00:00:00.000Z,0,1062.6984126984128,1327.546485260771,2053.541950113379,3196.9160997732424,3618.5374149659865,3849.845804988662,4047.5895691609976,4299.727891156463,4308.4625850340135,5549.523809523809,4635.875283446712,5.0
2021-01-08T00:00:00.000Z,0,676.453514739229,1077.4444444444443,1830.265306122449,3106.056689342404,3537.668934240363,3817.714285714286,4063.421768707483,4396.718820861678,4345.401360544218,5640.1292517006805,4779.3015873015875,5.0
2020-07-07T00:00:00.000Z,0,1109.3877551020407,1416.4625850340135,2310.7165532879817,3700.5396825396824,4236.378684807256,4462.510204081633,4679.278911564626,4527.954648526077,4891.113378684808,6495.190476190476,5716.9682539682535,5.0
2020-07-12T00:00:00.000Z,0,1018.8571428571429,1401.8866213151928,2194.6666666666665,3472.5578231292516,3959.190476190476,4190.877551020408,4492.02947845805,4238.820861678005,4645.514739229025,6156.555555555556,5615.233560090703,5.0
2021-12-04T00:00:00.000Z,0,1298.62358276644,1590.6031746031747,2140.8390022675735,3114.185941043084,3548.9795918367345,3827.4421768707484,4074.081632653061,4275.963718820862,4330.002267573696,5474.0,4645.013605442177,5.0
2020-09-10T00:00:00.000Z,0,851.4965986394558,1120.3673469387754,1744.3265306122448,2453.530612244898,3066.3990929705215,3828.9659863945576,4220.433106575963,4047.3015873015875,4388.843537414966,4554.015873015873,3568.802721088435,4.98639455782313
2022-01-08T00:00:00.000Z,0,786.4353741496599,1072.6757369614513,1815.328798185941,3018.0272108843537,3482.3492063492063,3715.97052154195,3936.578231292517,4091.9138321995465,4222.108843537415,5564.678004535147,4677.006802721088,5.0
2022-08-01T00:00:00.000Z,0,627.8321995464853,1053.1972789115646,1930.9569160997733,3018.925170068027,3595.1473922902496,4249.97052154195,4639.154195011338,4556.244897959184,4959.229024943311,5618.3015873015875,4780.6235827664395,5.0
2020-12-29T00:00:00.000Z,0,671.3378684807257,1060.3514739229024,1787.0884353741496,3004.5578231292516,3459.9410430839002,3746.0068027210887,3998.714285714286,4264.832199546485,4285.362811791383,5551.353741496599,4697.755102040816,5.0
2021-03-04T00:00:00.000Z,0,948.657596371882,1228.6122448979593,1959.7868480725624,3194.387755102041,3647.0657596371884,3856.0,4076.081632653061,4247.632653061224,4364.034013605442,5799.471655328798,4898.410430839002,5.0
2021-04-13T00:00:00.000Z,0,1215.1496598639455,1470.8299319727892,2184.9342403628116,3421.0385487528347,3857.0997732426304,4059.9659863945576,4268.455782312925,4498.730158730159,4532.72335600907,5948.265306122449,5046.482993197279,5.0
2021-06-02T00:00:00.000Z,0,991.7596371882087,1276.8163265306123,2088.6530612244896,3519.8004535147393,4067.770975056689,4233.959183673469,4467.609977324263,4431.197278911564,4755.7845804988665,6325.43537414966,5412.641723356009,5.0
2021-06-12T00:00:00.000Z,0,1166.0975056689342,1458.8253968253969,2298.358276643991,3695.229024943311,4219.680272108843,4358.884353741497,4590.131519274377,4450.503401360545,4870.975056689343,6586.253968253968,5737.961451247165,5.0
2022-01-13T00:00:00.000Z,0,,,,,,,,,,,,
2022-11-09T00:00:00.000Z,0,736.0340136054422,1087.7777777777778,1773.471655328798,2866.721088435374,3417.285714285714,3824.0861678004535,4102.0952380952385,4200.006802721088,4327.349206349207,5520.235827664399,4763.274376417234,5.0
2022-12-19T00:00:00.000Z,0,684.0748299319728,1076.4104308390022,1812.2222222222222,3061.419501133787,3534.3151927437643,3802.6666666666665,4045.1632653061224,4288.478458049886,4273.68253968254,5596.233560090703,4893.487528344671,5.0
2023-02-02T00:00:00.000Z,0,844.2607709750567,1120.485260770975,1817.5873015873017,3001.950113378685,3445.40589569161,3643.501133786848,3847.4761904761904,3987.6009070294785,4091.120181405896,5482.156462585034,4703.65306122449,5.0
2023-03-04T00:00:00.000Z,0,907.7868480725624,1199.528344671202,1961.9818594104308,3295.9841269841268,3763.6145124716554,3949.6349206349205,4150.351473922902,4317.034013605442,4379.283446712018,5928.555555555556,5162.195011337869,5.0
2023-03-29T00:00:00.000Z,0,847.530612244898,1368.2539682539682,2246.3537414965986,3763.6145124716554,4223.074829931973,4403.664399092971,4639.396825396825,4863.963718820862,4856.532879818594,6300.741496598639,5546.437641723356,5.0
2023-08-16T00:00:00.000Z,0,796.6780045351474,1119.2925170068027,1776.2176870748299,2547.6009070294785,3250.2585034013605,4414.183673469388,5007.9795918367345,4773.015873015873,5281.195011337869,5685.702947845805,4736.478458049886,4.91156462585034
2023-10-05T00:00:00.000Z,0,912.3061224489796,1420.0725623582766,2182.8117913832198,3101.2834467120183,3583.049886621315,4066.049886621315,4423.909297052154,4450.149659863946,4842.061224489796,5378.321995464853,4570.777777777777,5.0
2023-10-30T00:00:00.000Z,0,932.7482993197278,1188.3265306122448,1927.8775510204082,3231.358276643991,3754.3832199546487,4028.6213151927436,4248.927437641723,4358.163265306122,4490.201814058957,5928.28798185941,5110.963718820862,5.0
2023-12-14T00:00:00.000Z,0,1168.487528344671,1500.8299319727892,2172.739229024943,3413.229024943311,3821.3537414965986,4064.267573696145,4278.056689342404,4573.233560090703,4476.417233560091,5822.8707482993195,5217.065759637188,5.0
2021-08-21T00:00:00.000Z,0,875.81179138322,1106.2176870748299,1863.1201814058957,2729.4444444444443,3417.2267573696145,4322.185941043084,4665.006802721088,4490.430839002268,4908.997732426304,5522.471655328798,4521.306122448979,4.950113378684807
2018-01-24T00:00:00.000Z,0,850.4489795918367,1291.6485260770976,2084.562358276644,3417.9319727891157,3813.0839002267576,4067.4036281179137,4304.92970521542,4675.3650793650795,4596.705215419501,6014.149659863946,5329.759637188208,5.0
2022-03-29T00:00:00.000Z,0,1496.7823129251701,1752.0997732426304,2427.9727891156463,3615.700680272109,4038.394557823129,4233.458049886622,4428.467120181406,4694.249433106576,4649.417233560091,6007.510204081633,5124.988662131519,5.0
2018-03-15T00:00:00.000Z,0,882.4467120181406,1281.0068027210884,2057.573696145125,3455.6009070294785,3828.7596371882087,4027.045351473923,4246.736961451247,4571.591836734694,4479.340136054422,6047.197278911564,5401.60544217687,5.0
2018-03-25T00:00:00.000Z,0,,,,,,,,,,,,
2018-03-30T00:00:00.000Z,0,1636.2312925170068,1907.424036281179,2582.3854875283446,3619.560090702948,4030.517006802721,4145.39455782313,4318.657596371882,4416.108843537415,4540.548752834467,5915.707482993197,5065.498866213152,5.0
2021-12-19T00:00:00.000Z,0,800.764172335601,1101.2698412698412,1893.9773242630386,3129.122448979592,3605.3537414965986,3873.090702947846,4093.809523809524,4302.229024943311,4383.861678004535,5609.428571428572,4649.947845804989,5.0
2018-07-23T00:00:00.000Z,0,960.0136054421769,1330.1201814058957,2188.8117913832198,3667.197278911565,4229.0589569161,4371.024943310657,4642.591836734694,4362.566893424037,4734.739229024944,6548.7097505668935,6164.469387755102,5.0
2018-07-28T00:00:00.000Z,0,1084.0204081632653,1384.1133786848072,2265.106575963719,3618.326530612245,4190.875283446712,4452.272108843537,4655.482993197279,4423.727891156463,4834.09977324263,6314.378684807256,5560.614512471655,5.0
2018-11-05T00:00:00.000Z,0,917.3129251700681,1183.5396825396826,1950.9705215419501,3104.1632653061224,3673.253968253968,4098.371882086168,4342.43537414966,4462.902494331066,4591.013605442177,5604.553287981859,4733.253968253968,5.0
2018-11-30T00:00:00.000Z,0,765.0884353741496,1156.5056689342405,1934.9115646258504,3192.91156462585,3617.8185941043084,3927.21768707483,4152.891156462585,4443.455782312925,4380.947845804989,5682.897959183673,5052.775510204082,5.0
2019-01-09T00:00:00.000Z,0,792.2607709750567,1199.1587301587301,2018.3718820861677,3359.861678004535,3768.7891156462583,4010.8231292517007,4236.018140589569,4450.1768707483,4441.562358276644,5869.659863945578,5304.947845804989,5.0
2019-02-03T00:00:00.000Z,0,797.8231292517007,1079.5351473922904,1839.2290249433106,3104.061224489796,3526.904761904762,3746.011337868481,3958.3718820861677,4152.335600907029,4217.934240362812,5754.374149659864,5041.102040816327,5.0
2019-08-27T00:00:00.000Z,0,,,,,,,,,,,,
2019-09-06T00:00:00.000Z,0,712.3514739229025,1012.235827664399,1720.0725623582766,2477.732426303855,3207.0022675736964,4285.863945578231,4758.1292517006805,4562.299319727891,4914.138321995465,5079.886621315192,4199.965986394558,4.893424036281179
2020-06-27T00:00:00.000Z,0,1085.0408163265306,1331.528344671202,2057.9591836734694,3203.0022675736964,3638.390022675737,3798.9342403628116,3968.673469387755,3874.0362811791383,4135.369614512471,5221.061224489796,4443.512471655329,5.0
2021-08-01T00:00:00.000Z,0,950.8321995464853,1212.795918367347,2052.6938775510203,3119.7755102040815,3833.2108843537417,4545.485260770975,4833.489795918367,4634.585034013606,5078.519274376417,6093.433106575963,5151.736961451247,4.979591836734694
2021-11-24T00:00:00.000Z,0,694.578231292517,1080.235827664399,1811.4195011337868,3000.437641723356,3480.5396825396824,3779.394557823129,4042.3083900226757,4227.478458049886,4311.528344671202,5580.160997732426,4753.632653061224,5.0
2020-08-26T00:00:00.000Z,0,,,,,,,,,,,,
2022-08-06T00:00:00.000Z,0,947.3129251700681,1180.0181405895692,1986.1451247165533,3017.4943310657595,3722.328798185941,4450.877551020408,4743.893424036281,4551.691609977324,4976.600907029479,5885.258503401361,4847.739229024944,4.99092970521542
2020-09-15T00:00:00.000Z,0,880.4603174603175,1125.6326530612246,1908.7256235827665,2798.981859410431,3546.056689342404,4384.526077097506,4706.705215419501,4558.553287981859,4939.650793650793,5407.485260770975,4398.580498866213,4.9727891156462585
2018-05-04T00:00:00.000Z,0,,,,,,,,,,,,
2018-08-22T00:00:00.000Z,0,1096.1627906976744,1514.1232558139534,2485.7302325581395,3917.9255813953487,4712.679069767441,5445.416279069767,5856.862790697674,5533.274418604651,5992.495348837209,7172.658139534884,6326.788372093023,4.981395348837209
2021-02-12T00:00:00.000Z,0,902.1859410430839,1190.3968253968253,1956.4671201814058,3241.7619047619046,3678.9319727891157,3915.662131519274,4141.551020408163,4426.172335600907,4427.369614512471,5740.126984126984,4764.825396825397,5.0
2021-04-18T00:00:00.000Z,0,989.9047619047619,1360.0362811791383,2070.439909297052,3336.988662131519,3813.077097505669,3959.1678004535147,4250.836734693878,4190.770975056689,4496.362811791383,6067.430839002268,5372.09977324263,5.0
2019-02-23T00:00:00.000Z,0,,,,,,,,,,,,
2021-04-28T00:00:00.000Z,0,1025.8185941043084,1395.2562358276643,2100.5532879818593,3347.156462585034,3809.4421768707484,3965.1043083900227,4243.444444444444,4262.0,4472.412698412699,5999.49433106576,5300.628117913832,5.0
2022-07-02T00:00:00.000Z,0,,,,,,,,,,,,
2022-02-27T00:00:00.000Z,0,1151.9591836734694,1421.487528344671,2125.1927437641725,3372.8662131519272,3829.8684807256236,4036.4807256235827,4252.124716553288,4480.916099773242,4501.49433106576,5907.342403628118,5008.97052154195,5.0
2022-10-20T00:00:00.000Z,0,541.2743764172336,1044.668934240363,1873.5646258503402,3041.0725623582766,3682.598639455782,4248.700680272109,4560.1519274376415,4689.750566893424,4803.950113378684,5765.088435374149,4864.14739229025,5.0
2022-10-30T00:00:00.000Z,0,650.2290249433106,1049.360544217687,1785.9705215419501,2889.3809523809523,3490.675736961451,3963.0589569160998,4252.9410430839,4384.920634920635,4479.088435374149,5560.888888888889,4749.816326530612,5.0
2022-11-14T00:00:00.000Z,0,576.4263038548753,866.609977324263,1584.7687074829932,2627.3922902494332,3139.714285714286,3477.8571428571427,3696.943310657596,3847.7868480725624,3936.498866213152,5011.845804988662,4126.02947845805,5.0
2023-02-12T00:00:00.000Z,0,1029.2403628117913,1287.7210884353742,2002.1496598639455,3234.204081632653,3663.707482993197,3866.1111111111113,4063.764172335601,4312.471655328798,4303.195011337869,5714.385487528345,4937.8480725623585,5.0
2023-02-22T00:00:00.000Z,0,624.2312925170068,1054.015873015873,2029.299319727891,3538.1337868480728,4044.1428571428573,4248.798185941043,4463.281179138322,4667.816326530612,4709.120181405896,6167.034013605442,5256.045351473923,5.0
2023-04-18T00:00:00.000Z,0,885.5215419501134,1328.655328798186,2127.6507936507937,3572.8662131519272,4064.6802721088434,4208.455782312925,4468.324263038548,4503.455782312925,4653.224489795918,6244.378684807256,5658.850340136054,5.0
2023-07-22T00:00:00.000Z,0,,,,,,,,,,,,
2023-10-20T00:00:00.000Z,0,856.4852607709751,1142.5736961451248,1931.2607709750566,3204.861678004535,3812.6825396825398,4124.344671201814,4366.507936507936,4335.859410430839,4610.632653061224,5969.24716553288,5061.868480725623,5.0
2023-11-09T00:00:00.000Z,0,941.8140589569161,1202.471655328798,1902.3038548752834,3117.0521541950116,3628.91156462585,3879.0158730158732,4103.396825396825,4157.442176870748,4336.9410430839,5675.222222222223,4887.28798185941,5.0
2018-01-04T00:00:00.000Z,0,,,,,,,,,,,,
2018-02-18T00:00:00.000Z,0,1096.045351473923,1365.7687074829932,2112.938775510204,3349.8004535147393,3759.78231292517,3942.3514739229026,4142.235827664399,4359.433106575963,4406.834467120181,5856.562358276644,4980.541950113378,5.0
2018-04-04T00:00:00.000Z,0,1097.512471655329,1465.7460317460318,2158.0589569160998,3415.292517006803,3808.6077097505668,3967.580498866213,4193.195011337869,4384.934240362812,4413.9410430839,5997.927437641723,5390.648526077098,5.0
2018-04-24T00:00:00.000Z,0,957.9795918367347,1344.1904761904761,2102.5215419501133,3436.3809523809523,3886.53514739229,4007.609977324263,4252.526077097506,4324.213151927438,4454.668934240362,6089.131519274377,5500.8231292517,5.0
2018-08-02T00:00:00.000Z,0,,,,,,,,,,,,
2018-09-26T00:00:00.000Z,0,1061.8548752834467,1243.6507936507937,1914.5850340136055,2741.9591836734694,3380.056689342404,4150.437641723356,4471.902494331066,4344.344671201814,4709.895691609977,5309.530612244898,4418.963718820862,5.0
2018-12-15T00:00:00.000Z,0,665.3764172335601,968.40589569161,1743.1156462585034,2971.1768707482993,3427.3038548752834,3684.1133786848072,3889.6666666666665,4070.0158730158732,4153.4625850340135,5582.501133786848,4852.272108843537,5.0
2019-12-25T00:00:00.000Z,0,673.1904761904761,1069.1519274376417,1806.2448979591836,3038.043083900227,3427.580498866213,3721.9342403628116,3944.1950113378684,4322.589569160998,4215.1519274376415,5574.074829931973,4797.544217687075,5.0
2020-07-22T00:00:00.000Z,0,932.0997732426304,1217.0839002267574,2021.8412698412699,3211.0226757369614,3787.3038548752834,4210.1768707483,4493.922902494331,4291.426303854875,4600.258503401361,5396.077097505669,4580.351473922902,4.9727891156462585
2020-08-01T00:00:00.000Z,0,916.2902494331066,1268.9092970521542,2072.344671201814,3108.2267573696145,3737.714285714286,4428.446712018141,4784.927437641723,4568.947845804989,4895.986394557823,5524.641723356009,4725.319727891157,4.956916099773243
2020-11-19T00:00:00.000Z,0,674.4671201814059,1037.4104308390022,1764.5668934240364,2839.40589569161,3412.2698412698414,3809.84126984127,4082.0680272108843,4300.079365079365,4351.603174603175,5432.8707482993195,4516.78231292517,5.0
2021-02-07T00:00:00.000Z,0,1272.0725623582766,1584.9750566893424,2162.21768707483,3223.668934240363,3622.7936507936506,3847.356009070295,4096.428571428572,4340.2902494331065,4371.619047619048,5738.244897959184,4949.14739229025,5.0
2021-04-08T00:00:00.000Z,0,1024.4829931972788,1403.5056689342405,2123.795918367347,3436.204081632653,3857.201814058957,4068.6938775510203,4306.179138321995,4556.344671201814,4557.181405895692,6075.714285714285,5363.1292517006805,5.0
2021-04-23T00:00:00.000Z,0,1013.5532879818594,1308.0408163265306,2099.4557823129253,3446.6802721088434,3955.1292517006805,4141.337868480726,4366.011337868481,4425.696145124716,4644.034013605442,6112.557823129252,5215.59410430839,5.0
2021-10-30T00:00:00.000Z,0,851.875283446712,1103.421768707483,1821.0566893424036,2899.671201814059,3470.4920634920636,3888.3333333333335,4139.666666666667,4311.918367346939,4437.53514739229,5471.14739229025,4437.283446712018,5.0
2022-11-24T00:00:00.000Z,0,680.578231292517,1001.6621315192743,1799.37641723356,3003.3015873015875,3537.981859410431,3895.390022675737,4133.907029478458,4364.975056689343,4393.727891156463,5596.503401360545,4646.798185941043,5.0
2022-12-14T00:00:00.000Z,0,783.9591836734694,1056.2018140589569,1786.5691609977325,2999.78231292517,3461.6167800453513,3755.8684807256236,3975.0158730158732,4258.489795918367,4221.061224489796,5504.018140589569,4651.142857142857,5.0
2023-01-18T00:00:00.000Z,0,742.5510204081633,1138.5260770975058,1899.1043083900227,3208.344671201814,3648.077097505669,3881.6961451247166,4102.27664399093,4347.575963718821,4328.244897959184,5718.730158730159,5078.768707482993,5.0
2023-01-23T00:00:00.000Z,0,752.3718820861678,1043.5510204081634,1775.8095238095239,3013.3537414965986,3471.0839002267576,3699.467120181406,3913.922902494331,4102.331065759638,4173.265306122449,5602.986394557823,4806.272108843537,5.0
2023-03-14T00:00:00.000Z,0,899.4149659863946,1226.8662131519275,2075.183673469388,3533.7596371882087,3986.233560090703,4185.324263038548,4384.839002267574,4654.430839002268,4611.768707482993,6112.451247165533,5303.609977324263,5.0
2023-05-03T00:00:00.000Z,0,935.156462585034,1240.1632653061224,2045.9455782312925,3433.106575963719,3943.6213151927436,4062.6462585034014,4263.764172335601,4211.764172335601,4519.097505668934,6112.662131519274,5331.31746031746,5.0
2023-09-10T00:00:00.000Z,0,749.9863945578231,994.8367346938776,1799.5646258503402,2668.8571428571427,3437.2403628117913,4398.990929705215,4756.015873015873,4643.78231292517,5058.984126984127,5381.616780045351,4389.458049886622,5.0
2023-10-10T00:00:00.000Z,0,715.374149659864,1069.0430839002267,1921.1746031746031,3119.0362811791383,3719.764172335601,4160.414965986394,4434.068027210885,4403.21768707483,4826.158730158731,5880.628117913832,4895.832199546485,5.0
2023-12-29T00:00:00.000Z,0,934.0929705215419,1246.6031746031747,2095.2063492063494,3503.1746031746034,3953.498866213152,4186.551020408163,4386.750566893424,4657.6122448979595,4601.53514739229,5957.825396825397,5140.546485260771,5.0
2018-02-13T00:00:00.000Z,0,840.0498866213152,1233.0045351473923,1979.18820861678,3254.394557823129,3665.344671201814,3839.721088435374,4076.4308390022675,4234.825396825397,4309.068027210885,5843.961451247165,5189.326530612245,5.0
2018-03-20T00:00:00.000Z,0,976.4965986394558,1274.045351473923,2069.8503401360545,3431.265306122449,3885.4126984126983,4049.3968253968255,4256.931972789115,4432.861678004535,4515.580498866213,6046.326530612245,5213.716553287982,5.0
2018-06-08T00:00:00.000Z,0,988.5487528344671,1264.7709750566894,2069.9637188208617,3448.6213151927436,3928.4444444444443,4036.326530612245,4216.428571428572,4117.074829931973,4419.7732426303855,6110.378684807256,5449.351473922902,5.0
2018-06-13T00:00:00.000Z,0,945.3015873015873,1330.6530612244899,2144.1133786848072,3588.9659863945576,4056.7256235827663,4132.068027210885,4396.292517006803,4246.725623582766,4546.60544217687,6298.666666666667,5947.666666666667,5.0
2018-10-16T00:00:00.000Z,0,889.6394557823129,1141.0657596371882,1942.512471655329,3046.6802721088434,3725.5238095238096,4340.7959183673465,4623.360544217687,4487.7097505668935,4883.201814058957,5831.820861678005,4926.306122448979,5.0
2018-11-25T00:00:00.000Z,0,921.6916099773242,1185.0,1957.7868480725624,3170.6984126984125,3638.764172335601,3962.229024943311,4175.7845804988665,4398.675736961452,4424.768707482993,5657.868480725623,4850.902494331066,5.0
2019-01-29T00:00:00.000Z,0,768.1315192743764,1184.700680272109,2014.1995464852607,3399.2879818594106,3800.732426303855,4028.566893424036,4249.60544217687,4488.841269841269,4453.934240362812,5930.809523809524,5359.222222222223,5.0
2020-06-17T00:00:00.000Z,0,1238.9501133786848,1547.219954648526,2362.281179138322,3630.6167800453513,4077.5396825396824,4209.31746031746,4418.399092970521,4274.263038548753,4626.521541950114,6107.154195011338,5254.460317460317,5.0
2020-08-16T00:00:00.000Z,0,854.453514739229,1091.5555555555557,1918.1609977324263,2815.120181405896,3624.2517006802723,4589.888888888889,4897.2154195011335,4714.519274376417,5077.895691609977,5613.3764172335605,4614.625850340136,4.934240362811791
2020-08-31T00:00:00.000Z,0,997.609977324263,1315.5668934240364,2040.5986394557824,2865.5646258503402,3589.018140589569,4461.993197278912,4921.179138321995,4661.297052154195,5133.746031746032,5478.6122448979595,4427.421768707483,5.0
2020-10-10T00:00:00.000Z,0,842.7006802721088,1064.6031746031747,1738.5668934240364,2542.5827664399094,3235.106575963719,3934.4285714285716,4314.047619047619,4010.120181405896,4520.716553287982,5094.895691609977,4258.074829931973,5.0
2021-05-23T00:00:00.000Z,0,994.7643312101911,1278.8917197452229,2040.6114649681529,3328.522292993631,3827.6496815286623,3965.0891719745223,4182.987261146497,4124.292993630574,4475.254777070064,6001.197452229299,5141.554140127389,5.0
2021-07-17T00:00:00.000Z,0,976.3219954648526,1370.281179138322,2187.6462585034014,3493.5895691609976,4033.9478458049884,4296.909297052154,4610.501133786848,4397.868480725623,4773.961451247165,6307.369614512471,5743.639455782313,5.0
2021-09-20T00:00:00.000Z,0,1017.5600907029478,1195.3832199546484,1863.560090702948,2601.063492063492,3294.0589569160998,4092.3809523809523,4394.850340136054,4265.142857142857,4653.857142857143,5143.165532879819,4161.997732426304,4.968253968253968
2022-02-02T00:00:00.000Z,0,1166.6916099773243,1502.1768707482993,2137.229024943311,3360.358276643991,3768.9160997732424,4015.08843537415,4249.5600907029475,4532.952380952381,4492.873015873016,5809.244897959184,5073.947845804989,5.0
2022-12-09T00:00:00.000Z,0,797.3129251700681,1164.3809523809523,1836.5941043083901,2985.514739229025,3454.8548752834467,3755.9977324263036,3997.253968253968,4194.1179138321995,4220.106575963719,5503.632653061224,4788.469387755102,5.0
2022-12-24T00:00:00.000Z,0,833.3786848072563,1114.1360544217687,1864.7301587301588,3089.3174603174602,3582.3809523809523,3842.877551020408,4054.469387755102,4232.011337868481,4312.299319727891,5586.943310657596,4724.455782312925,5.0
2022-12-29T00:00:00.000Z,0,943.1678004535147,1289.18820861678,1963.1746031746031,3132.421768707483,3591.562358276644,3832.8526077097504,4065.331065759637,4240.21768707483,4285.24716553288,5599.580498866213,4941.396825396825,5.0
2023-03-19T00:00:00.000Z,0,897.3809523809524,1306.922902494331,2070.53514739229,3451.1043083900227,3949.8866213151928,4068.4920634920636,4330.492063492064,4316.498866213152,4529.961451247165,6129.047619047619,5549.208616780045,5.0
2023-04-23T00:00:00.000Z,0,861.3401360544218,1232.907029478458,2136.222222222222,3685.7301587301586,4181.3877551020405,4382.331065759638,4591.414965986394,4763.256235827665,4805.480725623583,6356.448979591837,5541.467120181406,5.0
2023-11-04T00:00:00.000Z,0,1097.952380952381,1461.5736961451248,2117.9637188208617,3323.024943310658,3851.689342403628,4100.396825396825,4386.3650793650795,4429.487528344671,4603.399092970521,5963.108843537415,5226.918367346939,5.0
2023-11-14T00:00:00.000Z,0,860.4988662131519,1195.9591836734694,1890.249433106576,3173.095238095238,3609.643990929705,3856.641723356009,4101.321995464853,4329.360544217687,4328.986394557823,5822.646258503401,5244.224489795918,5.0
2021-10-25T00:00:00.000Z,0,827.0408163265306,1137.061224489796,1788.3356009070294,2796.390022675737,3367.5691609977325,3802.975056689342,4114.074829931973,4173.138321995465,4381.278911564626,5514.952380952381,4644.167800453515,5.0
2021-09-25T00:00:00.000Z,0,770.4829931972789,1094.873015873016,1807.3492063492063,2690.1133786848072,3373.530612244898,4145.133786848072,4529.909297052154,4437.433106575963,4737.573696145125,5372.199546485261,4515.444444444444,4.934240362811791
2022-04-23T00:00:00.000Z,0,768.6190476190476,1323.265306122449,2256.91156462585,3820.0158730158732,4329.619047619048,4525.657596371882,4802.582766439909,4942.521541950114,5025.442176870748,6440.950113378684,5671.7732426303855,5.0
2021-11-04T00:00:00.000Z,0,751.9705215419501,1096.1179138321995,1770.6984126984128,2851.4308390022675,3399.528344671202,3772.1746031746034,4066.4875283446713,4175.07029478458,4334.308390022676,5541.326530612245,4669.6235827664395,5.0
